lat,lng,building_name,floor,wheelchair_access,elevator_available,braille_available,toilet_available,auto_door_available,threshold_present,parking_capacity,parking_distance_entrance_m,ramp_available,description,floorPhotoSummary,floorPhotoImageNames,floorPhotoGroupsJson,imageNames
"36.4663412","127.1385781","공주대학교 인문사회과학대학관","5F","true","true","false","true","true","true","4","3","true","모든 층에 승강기 o
B1 - 장애인 화장실 o, 자동문 o, 전용 주차장 2대 가능
1F - 장애인 화장실 o, 자동문 o, 입구 경사로 o, 전용 주차장 2대 가능
2F - 건물 내 서측에 경사로 o
2F~4F - 건물 내 동측에 경사 o
3F~5F - 방화문으로 인한 문턱 o","B1:1장 | 1F:6장 | 2F:2장 | 3F:0장 | 4F:0장 | 5F:0장","B1[KakaoTalk_20260415_163345672.jpg] | 1F[KakaoTalk_20260415_163743037.jpg+KakaoTalk_20260415_163743037_01.jpg+KakaoTalk_20260415_163743037_02.jpg+KakaoTalk_20260415_163743037_03.jpg+KakaoTalk_20260415_163743037_04.jpg+KakaoTalk_20260415_164529777_01.jpg] | 2F[KakaoTalk_20260415_164529777.jpg+KakaoTalk_20260427_194637279.jpg] | 3F[] | 4F[] | 5F[]","[{""floor"":""B1"",""imageFiles"":[{""url"":""https://ghdcjmmxfeaedsspterz.supabase.co/storage/v1/object/public/barrier-images/barrier/1776241764284_6asila_KakaoTalk_20260415_163345672.jpg"",""name"":""1776241764284_6asila_KakaoTalk_20260415_163345672.jpg"",""path"":""barrier/1776241764284_6asila_KakaoTalk_20260415_163345672.jpg"",""type"":""image/jpeg"",""bucket"":""barrier-images"",""originalName"":""KakaoTalk_20260415_163345672.jpg""}],""imageNames"":[""1776241764284_6asila_KakaoTalk_20260415_163345672.jpg""]},{""floor"":""1F"",""imageFiles"":[{""url"":""https://ghdcjmmxfeaedsspterz.supabase.co/storage/v1/object/public/barrier-images/barrier/1776241766788_1j4ev7_KakaoTalk_20260415_163743037.jpg"",""name"":""1776241766788_1j4ev7_KakaoTalk_20260415_163743037.jpg"",""path"":""barrier/1776241766788_1j4ev7_KakaoTalk_20260415_163743037.jpg"",""type"":""image/jpeg"",""bucket"":""barrier-images"",""originalName"":""KakaoTalk_20260415_163743037.jpg""},{""url"":""https://ghdcjmmxfeaedsspterz.supabase.co/storage/v1/object/public/barrier-images/barrier/1776241769064_jmojig_KakaoTalk_20260415_163743037_01.jpg"",""name"":""1776241769064_jmojig_KakaoTalk_20260415_163743037_01.jpg"",""path"":""barrier/1776241769064_jmojig_KakaoTalk_20260415_163743037_01.jpg"",""type"":""image/jpeg"",""bucket"":""barrier-images"",""originalName"":""KakaoTalk_20260415_163743037_01.jpg""},{""url"":""https://ghdcjmmxfeaedsspterz.supabase.co/storage/v1/object/public/barrier-images/barrier/1776241770187_kswnxo_KakaoTalk_20260415_163743037_02.jpg"",""name"":""1776241770187_kswnxo_KakaoTalk_20260415_163743037_02.jpg"",""path"":""barrier/1776241770187_kswnxo_KakaoTalk_20260415_163743037_02.jpg"",""type"":""image/jpeg"",""bucket"":""barrier-images"",""originalName"":""KakaoTalk_20260415_163743037_02.jpg""},{""url"":""https://ghdcjmmxfeaedsspterz.supabase.co/storage/v1/object/public/barrier-images/barrier/1776241771503_o9b1hx_KakaoTalk_20260415_163743037_03.jpg"",""name"":""1776241771503_o9b1hx_KakaoTalk_20260415_163743037_03.jpg"",""path"":""barrier/1776241771503_o9b1hx_KakaoTalk_20260415_163743037_03.jpg"",""type"":""image/jpeg"",""bucket"":""barrier-images"",""originalName"":""KakaoTalk_20260415_163743037_03.jpg""},{""url"":""https://ghdcjmmxfeaedsspterz.supabase.co/storage/v1/object/public/barrier-images/barrier/1776241772551_5pn9f1_KakaoTalk_20260415_163743037_04.jpg"",""name"":""1776241772551_5pn9f1_KakaoTalk_20260415_163743037_04.jpg"",""path"":""barrier/1776241772551_5pn9f1_KakaoTalk_20260415_163743037_04.jpg"",""type"":""image/jpeg"",""bucket"":""barrier-images"",""originalName"":""KakaoTalk_20260415_163743037_04.jpg""},{""url"":""https://ghdcjmmxfeaedsspterz.supabase.co/storage/v1/object/public/barrier-images/barrier/1776241773340_lkq5sb_KakaoTalk_20260415_164529777_01.jpg"",""name"":""1776241773340_lkq5sb_KakaoTalk_20260415_164529777_01.jpg"",""path"":""barrier/1776241773340_lkq5sb_KakaoTalk_20260415_164529777_01.jpg"",""type"":""image/jpeg"",""bucket"":""barrier-images"",""originalName"":""KakaoTalk_20260415_164529777_01.jpg""}],""imageNames"":[""1776241766788_1j4ev7_KakaoTalk_20260415_163743037.jpg"",""1776241769064_jmojig_KakaoTalk_20260415_163743037_01.jpg"",""1776241770187_kswnxo_KakaoTalk_20260415_163743037_02.jpg"",""1776241771503_o9b1hx_KakaoTalk_20260415_163743037_03.jpg"",""1776241772551_5pn9f1_KakaoTalk_20260415_163743037_04.jpg"",""1776241773340_lkq5sb_KakaoTalk_20260415_164529777_01.jpg""]},{""floor"":""2F"",""imageFiles"":[{""url"":""https://ghdcjmmxfeaedsspterz.supabase.co/storage/v1/object/public/barrier-images/barrier/1776241774007_djdfdc_KakaoTalk_20260415_164529777.jpg"",""name"":""1776241774007_djdfdc_KakaoTalk_20260415_164529777.jpg"",""path"":""barrier/1776241774007_djdfdc_KakaoTalk_20260415_164529777.jpg"",""type"":""image/jpeg"",""bucket"":""barrier-images"",""originalName"":""KakaoTalk_20260415_164529777.jpg""},{""url"":""https://ghdcjmmxfeaedsspterz.supabase.co/storage/v1/object/public/barrier-images/barrier/1777287037885_lvt2b3_KakaoTalk_20260427_194637279.jpg"",""name"":""1777287037885_lvt2b3_KakaoTalk_20260427_194637279.jpg"",""path"":""barrier/1777287037885_lvt2b3_KakaoTalk_20260427_194637279.jpg"",""type"":""image/jpeg"",""bucket"":""barrier-images"",""originalName"":""KakaoTalk_20260427_194637279.jpg""}],""imageNames"":[""1776241774007_djdfdc_KakaoTalk_20260415_164529777.jpg"",""1777287037885_lvt2b3_KakaoTalk_20260427_194637279.jpg""]},{""floor"":""3F"",""imageFiles"":[],""imageNames"":[]},{""floor"":""4F"",""imageFiles"":[],""imageNames"":[]},{""floor"":""5F"",""imageFiles"":[],""imageNames"":[]}]","1776241764284_6asila_KakaoTalk_20260415_163345672.jpg|1776241766788_1j4ev7_KakaoTalk_20260415_163743037.jpg|1776241769064_jmojig_KakaoTalk_20260415_163743037_01.jpg|1776241770187_kswnxo_KakaoTalk_20260415_163743037_02.jpg|1776241771503_o9b1hx_KakaoTalk_20260415_163743037_03.jpg|1776241772551_5pn9f1_KakaoTalk_20260415_163743037_04.jpg|1776241773340_lkq5sb_KakaoTalk_20260415_164529777_01.jpg|1776241774007_djdfdc_KakaoTalk_20260415_164529777.jpg|1777287037885_lvt2b3_KakaoTalk_20260427_194637279.jpg"
"36.4694527","127.1406501","공주대학교 중앙도서관","6F","true","true","false","false","true","false","1","20","true","모든 층에 승강기 o
모든 층에 전용 화장실 x
1F - 1층 출입구 자동문 o, 학술정보서비스센터 경사로 o, 전용 주차장 1대 가능,
2F -
3F - 3층 출입구 자동문과 미닫이문, 경사로 o(경사가 심함)
4F~6F - 모든 자료실 입구에 여닫이문 존재

운영시간
평일 09:00~21:00
(휴관일: 토요일, 일요일, 공휴일, 개교기념일)","1F:3장 | 2F:0장 | 3F:3장 | 4F:2장 | 5F:0장 | 6F:0장","1F[KakaoTalk_20260427_110240134_02.jpg+KakaoTalk_20260427_110240134_06.jpg+KakaoTalk_20260427_110240134_07.jpg] | 2F[] | 3F[KakaoTalk_20260427_110240134_03.jpg+KakaoTalk_20260427_110240134_04.jpg+KakaoTalk_20260427_110240134_05.jpg] | 4F[KakaoTalk_20260427_110240134.jpg+KakaoTalk_20260427_110240134_01.jpg] | 5F[] | 6F[]","[{""floor"":""1F"",""imageFiles"":[{""url"":""https://ghdcjmmxfeaedsspterz.supabase.co/storage/v1/object/public/barrier-images/barrier/1777256573948_cdnr7y_KakaoTalk_20260427_110240134_02.jpg"",""name"":""1777256573948_cdnr7y_KakaoTalk_20260427_110240134_02.jpg"",""path"":""barrier/1777256573948_cdnr7y_KakaoTalk_20260427_110240134_02.jpg"",""type"":""image/jpeg"",""bucket"":""barrier-images"",""originalName"":""KakaoTalk_20260427_110240134_02.jpg""},{""url"":""https://ghdcjmmxfeaedsspterz.supabase.co/storage/v1/object/public/barrier-images/barrier/1777256577005_u73qm4_KakaoTalk_20260427_110240134_06.jpg"",""name"":""1777256577005_u73qm4_KakaoTalk_20260427_110240134_06.jpg"",""path"":""barrier/1777256577005_u73qm4_KakaoTalk_20260427_110240134_06.jpg"",""type"":""image/jpeg"",""bucket"":""barrier-images"",""originalName"":""KakaoTalk_20260427_110240134_06.jpg""},{""url"":""https://ghdcjmmxfeaedsspterz.supabase.co/storage/v1/object/public/barrier-images/barrier/1777256579388_lqapq0_KakaoTalk_20260427_110240134_07.jpg"",""name"":""1777256579388_lqapq0_KakaoTalk_20260427_110240134_07.jpg"",""path"":""barrier/1777256579388_lqapq0_KakaoTalk_20260427_110240134_07.jpg"",""type"":""image/jpeg"",""bucket"":""barrier-images"",""originalName"":""KakaoTalk_20260427_110240134_07.jpg""}],""imageNames"":[""1777256573948_cdnr7y_KakaoTalk_20260427_110240134_02.jpg"",""1777256577005_u73qm4_KakaoTalk_20260427_110240134_06.jpg"",""1777256579388_lqapq0_KakaoTalk_20260427_110240134_07.jpg""]},{""floor"":""2F"",""imageFiles"":[],""imageNames"":[]},{""floor"":""3F"",""imageFiles"":[{""url"":""https://ghdcjmmxfeaedsspterz.supabase.co/storage/v1/object/public/barrier-images/barrier/1777256580788_8mzi2d_KakaoTalk_20260427_110240134_03.jpg"",""name"":""1777256580788_8mzi2d_KakaoTalk_20260427_110240134_03.jpg"",""path"":""barrier/1777256580788_8mzi2d_KakaoTalk_20260427_110240134_03.jpg"",""type"":""image/jpeg"",""bucket"":""barrier-images"",""originalName"":""KakaoTalk_20260427_110240134_03.jpg""},{""url"":""https://ghdcjmmxfeaedsspterz.supabase.co/storage/v1/object/public/barrier-images/barrier/1777256582970_moko0j_KakaoTalk_20260427_110240134_04.jpg"",""name"":""1777256582970_moko0j_KakaoTalk_20260427_110240134_04.jpg"",""path"":""barrier/1777256582970_moko0j_KakaoTalk_20260427_110240134_04.jpg"",""type"":""image/jpeg"",""bucket"":""barrier-images"",""originalName"":""KakaoTalk_20260427_110240134_04.jpg""},{""url"":""https://ghdcjmmxfeaedsspterz.supabase.co/storage/v1/object/public/barrier-images/barrier/1777256585686_5oo8im_KakaoTalk_20260427_110240134_05.jpg"",""name"":""1777256585686_5oo8im_KakaoTalk_20260427_110240134_05.jpg"",""path"":""barrier/1777256585686_5oo8im_KakaoTalk_20260427_110240134_05.jpg"",""type"":""image/jpeg"",""bucket"":""barrier-images"",""originalName"":""KakaoTalk_20260427_110240134_05.jpg""}],""imageNames"":[""1777256580788_8mzi2d_KakaoTalk_20260427_110240134_03.jpg"",""1777256582970_moko0j_KakaoTalk_20260427_110240134_04.jpg"",""1777256585686_5oo8im_KakaoTalk_20260427_110240134_05.jpg""]},{""floor"":""4F"",""imageFiles"":[{""url"":""https://ghdcjmmxfeaedsspterz.supabase.co/storage/v1/object/public/barrier-images/barrier/1777256587447_itix62_KakaoTalk_20260427_110240134.jpg"",""name"":""1777256587447_itix62_KakaoTalk_20260427_110240134.jpg"",""path"":""barrier/1777256587447_itix62_KakaoTalk_20260427_110240134.jpg"",""type"":""image/jpeg"",""bucket"":""barrier-images"",""originalName"":""KakaoTalk_20260427_110240134.jpg""},{""url"":""https://ghdcjmmxfeaedsspterz.supabase.co/storage/v1/object/public/barrier-images/barrier/1777256590028_1yea85_KakaoTalk_20260427_110240134_01.jpg"",""name"":""1777256590028_1yea85_KakaoTalk_20260427_110240134_01.jpg"",""path"":""barrier/1777256590028_1yea85_KakaoTalk_20260427_110240134_01.jpg"",""type"":""image/jpeg"",""bucket"":""barrier-images"",""originalName"":""KakaoTalk_20260427_110240134_01.jpg""}],""imageNames"":[""1777256587447_itix62_KakaoTalk_20260427_110240134.jpg"",""1777256590028_1yea85_KakaoTalk_20260427_110240134_01.jpg""]},{""floor"":""5F"",""imageFiles"":[],""imageNames"":[]},{""floor"":""6F"",""imageFiles"":[],""imageNames"":[]}]","1777256573948_cdnr7y_KakaoTalk_20260427_110240134_02.jpg|1777256577005_u73qm4_KakaoTalk_20260427_110240134_06.jpg|1777256579388_lqapq0_KakaoTalk_20260427_110240134_07.jpg|1777256580788_8mzi2d_KakaoTalk_20260427_110240134_03.jpg|1777256582970_moko0j_KakaoTalk_20260427_110240134_04.jpg|1777256585686_5oo8im_KakaoTalk_20260427_110240134_05.jpg|1777256587447_itix62_KakaoTalk_20260427_110240134.jpg|1777256590028_1yea85_KakaoTalk_20260427_110240134_01.jpg"
"36.467540349812914","127.14057644761347","공주대학교 음악관","3F","true","true","false","false","true","true","1","3","true","모든 층에 승강기 o
1F - 정문 우측의 경사로를 통해 출입 가능
2F~3F - 건물내 턱이 존재해 휠체어 이용시 이동에 제약이 큼","1F:4장 | 2F:1장 | 3F:0장","1F[IMG_5631.jpeg+IMG_5632.jpeg+IMG_5633.jpeg+IMG_5635.jpeg] | 2F[IMG_5634.jpeg] | 3F[]","[{""floor"":""1F"",""imageFiles"":[{""url"":""https://ghdcjmmxfeaedsspterz.supabase.co/storage/v1/object/public/barrier-images/barrier/1777353177647_r490a0_IMG_5631.jpeg"",""name"":""1777353177647_r490a0_IMG_5631.jpeg"",""path"":""barrier/1777353177647_r490a0_IMG_5631.jpeg"",""type"":""image/jpeg"",""bucket"":""barrier-images"",""originalName"":""IMG_5631.jpeg""},{""url"":""https://ghdcjmmxfeaedsspterz.supabase.co/storage/v1/object/public/barrier-images/barrier/1777353182987_zqt2bb_IMG_5632.jpeg"",""name"":""1777353182987_zqt2bb_IMG_5632.jpeg"",""path"":""barrier/1777353182987_zqt2bb_IMG_5632.jpeg"",""type"":""image/jpeg"",""bucket"":""barrier-images"",""originalName"":""IMG_5632.jpeg""},{""url"":""https://ghdcjmmxfeaedsspterz.supabase.co/storage/v1/object/public/barrier-images/barrier/1777353185064_r1ejja_IMG_5633.jpeg"",""name"":""1777353185064_r1ejja_IMG_5633.jpeg"",""path"":""barrier/1777353185064_r1ejja_IMG_5633.jpeg"",""type"":""image/jpeg"",""bucket"":""barrier-images"",""originalName"":""IMG_5633.jpeg""},{""url"":""https://ghdcjmmxfeaedsspterz.supabase.co/storage/v1/object/public/barrier-images/barrier/1777353186829_s31mph_IMG_5635.jpeg"",""name"":""1777353186829_s31mph_IMG_5635.jpeg"",""path"":""barrier/1777353186829_s31mph_IMG_5635.jpeg"",""type"":""image/jpeg"",""bucket"":""barrier-images"",""originalName"":""IMG_5635.jpeg""}],""imageNames"":[""1777353177647_r490a0_IMG_5631.jpeg"",""1777353182987_zqt2bb_IMG_5632.jpeg"",""1777353185064_r1ejja_IMG_5633.jpeg"",""1777353186829_s31mph_IMG_5635.jpeg""]},{""floor"":""2F"",""imageFiles"":[{""url"":""https://ghdcjmmxfeaedsspterz.supabase.co/storage/v1/object/public/barrier-images/barrier/1777353188416_kjbel2_IMG_5634.jpeg"",""name"":""1777353188416_kjbel2_IMG_5634.jpeg"",""path"":""barrier/1777353188416_kjbel2_IMG_5634.jpeg"",""type"":""image/jpeg"",""bucket"":""barrier-images"",""originalName"":""IMG_5634.jpeg""}],""imageNames"":[""1777353188416_kjbel2_IMG_5634.jpeg""]},{""floor"":""3F"",""imageFiles"":[],""imageNames"":[]}]","1777353177647_r490a0_IMG_5631.jpeg|1777353182987_zqt2bb_IMG_5632.jpeg|1777353185064_r1ejja_IMG_5633.jpeg|1777353186829_s31mph_IMG_5635.jpeg|1777353188416_kjbel2_IMG_5634.jpeg"
"36.4681984","127.1401552","공주대학교 마루관","1F","true","false","false","false","false","false","0","0","true","1F - 입구 경사로 o
그외 편의시설 x","1F:2장","1F[IMG_5637.jpeg+IMG_5638.jpeg]","[{""floor"":""1F"",""imageFiles"":[{""url"":""https://ghdcjmmxfeaedsspterz.supabase.co/storage/v1/object/public/barrier-images/barrier/1777353523792_k2k322_IMG_5637.jpeg"",""name"":""1777353523792_k2k322_IMG_5637.jpeg"",""path"":""barrier/1777353523792_k2k322_IMG_5637.jpeg"",""type"":""image/jpeg"",""bucket"":""barrier-images"",""originalName"":""IMG_5637.jpeg""},{""url"":""https://ghdcjmmxfeaedsspterz.supabase.co/storage/v1/object/public/barrier-images/barrier/1777353527458_i7213z_IMG_5638.jpeg"",""name"":""1777353527458_i7213z_IMG_5638.jpeg"",""path"":""barrier/1777353527458_i7213z_IMG_5638.jpeg"",""type"":""image/jpeg"",""bucket"":""barrier-images"",""originalName"":""IMG_5638.jpeg""}],""imageNames"":[""1777353523792_k2k322_IMG_5637.jpeg"",""1777353527458_i7213z_IMG_5638.jpeg""]}]","1777353523792_k2k322_IMG_5637.jpeg|1777353527458_i7213z_IMG_5638.jpeg"
"36.468505","127.1406362","공주대학교 제2도서관","4F","true","true","false","true","true","false","1","40","true","모든 층에 승강기 o
2F - 전용 화장실 o","1F:5장 | 2F:3장 | 3F:0장 | 4F:0장","1F[IMG_5639.jpeg+IMG_5640.jpeg+IMG_5647.jpeg+IMG_5641.jpeg+IMG_5643.jpeg] | 2F[IMG_5644.jpeg+IMG_5645.jpeg+IMG_5646.jpeg] | 3F[] | 4F[]","[{""floor"":""1F"",""imageFiles"":[{""url"":""https://ghdcjmmxfeaedsspterz.supabase.co/storage/v1/object/public/barrier-images/barrier/1777354545111_1lvvgy_IMG_5639.jpeg"",""name"":""1777354545111_1lvvgy_IMG_5639.jpeg"",""path"":""barrier/1777354545111_1lvvgy_IMG_5639.jpeg"",""type"":""image/jpeg"",""bucket"":""barrier-images"",""originalName"":""IMG_5639.jpeg""},{""url"":""https://ghdcjmmxfeaedsspterz.supabase.co/storage/v1/object/public/barrier-images/barrier/1777354552626_2ipctk_IMG_5640.jpeg"",""name"":""1777354552626_2ipctk_IMG_5640.jpeg"",""path"":""barrier/1777354552626_2ipctk_IMG_5640.jpeg"",""type"":""image/jpeg"",""bucket"":""barrier-images"",""originalName"":""IMG_5640.jpeg""},{""url"":""https://ghdcjmmxfeaedsspterz.supabase.co/storage/v1/object/public/barrier-images/barrier/1777354554963_vg2pg0_IMG_5647.jpeg"",""name"":""1777354554963_vg2pg0_IMG_5647.jpeg"",""path"":""barrier/1777354554963_vg2pg0_IMG_5647.jpeg"",""type"":""image/jpeg"",""bucket"":""barrier-images"",""originalName"":""IMG_5647.jpeg""},{""url"":""https://ghdcjmmxfeaedsspterz.supabase.co/storage/v1/object/public/barrier-images/barrier/1777354558927_q94kih_IMG_5641.jpeg"",""name"":""1777354558927_q94kih_IMG_5641.jpeg"",""path"":""barrier/1777354558927_q94kih_IMG_5641.jpeg"",""type"":""image/jpeg"",""bucket"":""barrier-images"",""originalName"":""IMG_5641.jpeg""},{""url"":""https://ghdcjmmxfeaedsspterz.supabase.co/storage/v1/object/public/barrier-images/barrier/1777354560337_ylnwbr_IMG_5643.jpeg"",""name"":""1777354560337_ylnwbr_IMG_5643.jpeg"",""path"":""barrier/1777354560337_ylnwbr_IMG_5643.jpeg"",""type"":""image/jpeg"",""bucket"":""barrier-images"",""originalName"":""IMG_5643.jpeg""}],""imageNames"":[""1777354545111_1lvvgy_IMG_5639.jpeg"",""1777354552626_2ipctk_IMG_5640.jpeg"",""1777354554963_vg2pg0_IMG_5647.jpeg"",""1777354558927_q94kih_IMG_5641.jpeg"",""1777354560337_ylnwbr_IMG_5643.jpeg""]},{""floor"":""2F"",""imageFiles"":[{""url"":""https://ghdcjmmxfeaedsspterz.supabase.co/storage/v1/object/public/barrier-images/barrier/1777354600433_9edljf_IMG_5644.jpeg"",""name"":""1777354600433_9edljf_IMG_5644.jpeg"",""path"":""barrier/1777354600433_9edljf_IMG_5644.jpeg"",""type"":""image/jpeg"",""bucket"":""barrier-images"",""originalName"":""IMG_5644.jpeg""},{""url"":""https://ghdcjmmxfeaedsspterz.supabase.co/storage/v1/object/public/barrier-images/barrier/1777354604876_wnuwjw_IMG_5645.jpeg"",""name"":""1777354604876_wnuwjw_IMG_5645.jpeg"",""path"":""barrier/1777354604876_wnuwjw_IMG_5645.jpeg"",""type"":""image/jpeg"",""bucket"":""barrier-images"",""originalName"":""IMG_5645.jpeg""},{""url"":""https://ghdcjmmxfeaedsspterz.supabase.co/storage/v1/object/public/barrier-images/barrier/1777354608554_1h3zz7_IMG_5646.jpeg"",""name"":""1777354608554_1h3zz7_IMG_5646.jpeg"",""path"":""barrier/1777354608554_1h3zz7_IMG_5646.jpeg"",""type"":""image/jpeg"",""bucket"":""barrier-images"",""originalName"":""IMG_5646.jpeg""}],""imageNames"":[""1777354600433_9edljf_IMG_5644.jpeg"",""1777354604876_wnuwjw_IMG_5645.jpeg"",""1777354608554_1h3zz7_IMG_5646.jpeg""]},{""floor"":""3F"",""imageFiles"":[],""imageNames"":[]},{""floor"":""4F"",""imageFiles"":[],""imageNames"":[]}]","1777354545111_1lvvgy_IMG_5639.jpeg|1777354552626_2ipctk_IMG_5640.jpeg|1777354554963_vg2pg0_IMG_5647.jpeg|1777354558927_q94kih_IMG_5641.jpeg|1777354560337_ylnwbr_IMG_5643.jpeg|1777354600433_9edljf_IMG_5644.jpeg|1777354604876_wnuwjw_IMG_5645.jpeg|1777354608554_1h3zz7_IMG_5646.jpeg"
"36.4683553","127.1419046","문화체육관","2F","true","true","true","true","false","false","2","10","true","모든 층에 승강기 o
1F - 전용 화장실 o","1F:5장 | 2F:3장","1F[IMG_5653.jpeg+IMG_5654.jpeg+IMG_5655.jpeg+IMG_5656.jpeg+IMG_5657.jpeg] | 2F[IMG_5651.jpeg+IMG_5652.jpeg+IMG_5658.jpeg]","[{""floor"":""1F"",""imageFiles"":[{""url"":""https://ghdcjmmxfeaedsspterz.supabase.co/storage/v1/object/public/barrier-images/barrier/1777355538355_r1qcpo_IMG_5653.jpeg"",""name"":""1777355538355_r1qcpo_IMG_5653.jpeg"",""path"":""barrier/1777355538355_r1qcpo_IMG_5653.jpeg"",""type"":""image/jpeg"",""bucket"":""barrier-images"",""originalName"":""IMG_5653.jpeg""},{""url"":""https://ghdcjmmxfeaedsspterz.supabase.co/storage/v1/object/public/barrier-images/barrier/1777355540997_f2u06q_IMG_5654.jpeg"",""name"":""1777355540997_f2u06q_IMG_5654.jpeg"",""path"":""barrier/1777355540997_f2u06q_IMG_5654.jpeg"",""type"":""image/jpeg"",""bucket"":""barrier-images"",""originalName"":""IMG_5654.jpeg""},{""url"":""https://ghdcjmmxfeaedsspterz.supabase.co/storage/v1/object/public/barrier-images/barrier/1777355543019_ccf5bb_IMG_5655.jpeg"",""name"":""1777355543019_ccf5bb_IMG_5655.jpeg"",""path"":""barrier/1777355543019_ccf5bb_IMG_5655.jpeg"",""type"":""image/jpeg"",""bucket"":""barrier-images"",""originalName"":""IMG_5655.jpeg""},{""url"":""https://ghdcjmmxfeaedsspterz.supabase.co/storage/v1/object/public/barrier-images/barrier/1777355543963_wdxbs1_IMG_5656.jpeg"",""name"":""1777355543963_wdxbs1_IMG_5656.jpeg"",""path"":""barrier/1777355543963_wdxbs1_IMG_5656.jpeg"",""type"":""image/jpeg"",""bucket"":""barrier-images"",""originalName"":""IMG_5656.jpeg""},{""url"":""https://ghdcjmmxfeaedsspterz.supabase.co/storage/v1/object/public/barrier-images/barrier/1777355545230_rw52cd_IMG_5657.jpeg"",""name"":""1777355545230_rw52cd_IMG_5657.jpeg"",""path"":""barrier/1777355545230_rw52cd_IMG_5657.jpeg"",""type"":""image/jpeg"",""bucket"":""barrier-images"",""originalName"":""IMG_5657.jpeg""}],""imageNames"":[""1777355538355_r1qcpo_IMG_5653.jpeg"",""1777355540997_f2u06q_IMG_5654.jpeg"",""1777355543019_ccf5bb_IMG_5655.jpeg"",""1777355543963_wdxbs1_IMG_5656.jpeg"",""1777355545230_rw52cd_IMG_5657.jpeg""]},{""floor"":""2F"",""imageFiles"":[{""url"":""https://ghdcjmmxfeaedsspterz.supabase.co/storage/v1/object/public/barrier-images/barrier/1777355755994_6rmcto_IMG_5651.jpeg"",""name"":""1777355755994_6rmcto_IMG_5651.jpeg"",""path"":""barrier/1777355755994_6rmcto_IMG_5651.jpeg"",""type"":""image/jpeg"",""bucket"":""barrier-images"",""originalName"":""IMG_5651.jpeg""},{""url"":""https://ghdcjmmxfeaedsspterz.supabase.co/storage/v1/object/public/barrier-images/barrier/1777355759894_lxqrqr_IMG_5652.jpeg"",""name"":""1777355759894_lxqrqr_IMG_5652.jpeg"",""path"":""barrier/1777355759894_lxqrqr_IMG_5652.jpeg"",""type"":""image/jpeg"",""bucket"":""barrier-images"",""originalName"":""IMG_5652.jpeg""},{""url"":""https://ghdcjmmxfeaedsspterz.supabase.co/storage/v1/object/public/barrier-images/barrier/1777355762135_4i8wso_IMG_5658.jpeg"",""name"":""1777355762135_4i8wso_IMG_5658.jpeg"",""path"":""barrier/1777355762135_4i8wso_IMG_5658.jpeg"",""type"":""image/jpeg"",""bucket"":""barrier-images"",""originalName"":""IMG_5658.jpeg""}],""imageNames"":[""1777355755994_6rmcto_IMG_5651.jpeg"",""1777355759894_lxqrqr_IMG_5652.jpeg"",""1777355762135_4i8wso_IMG_5658.jpeg""]}]","1777355538355_r1qcpo_IMG_5653.jpeg|1777355540997_f2u06q_IMG_5654.jpeg|1777355543019_ccf5bb_IMG_5655.jpeg|1777355543963_wdxbs1_IMG_5656.jpeg|1777355545230_rw52cd_IMG_5657.jpeg|1777355755994_6rmcto_IMG_5651.jpeg|1777355759894_lxqrqr_IMG_5652.jpeg|1777355762135_4i8wso_IMG_5658.jpeg"
"36.4688349","127.1411796","공주대학교 사범1관","4F","true","true","false","true","true","false","0","0","true","모든 층에 승강기 o
1F - 전용 화장실 o
2F~4F - 편의시설 x","1F:4장 | 2F:0장 | 3F:0장 | 4F:0장","1F[IMG_9137.jpeg+IMG_9138.jpeg+IMG_9139.jpeg+IMG_9140.jpeg] | 2F[] | 3F[] | 4F[]","[{""floor"":""1F"",""imageFiles"":[{""url"":""https://ghdcjmmxfeaedsspterz.supabase.co/storage/v1/object/public/barrier-images/barrier/1777354647421_byro2o_IMG_9137.jpeg"",""name"":""1777354647421_byro2o_IMG_9137.jpeg"",""path"":""barrier/1777354647421_byro2o_IMG_9137.jpeg"",""type"":""image/jpeg"",""bucket"":""barrier-images"",""originalName"":""IMG_9137.jpeg""},{""url"":""https://ghdcjmmxfeaedsspterz.supabase.co/storage/v1/object/public/barrier-images/barrier/1777354650738_p4pbsx_IMG_9138.jpeg"",""name"":""1777354650738_p4pbsx_IMG_9138.jpeg"",""path"":""barrier/1777354650738_p4pbsx_IMG_9138.jpeg"",""type"":""image/jpeg"",""bucket"":""barrier-images"",""originalName"":""IMG_9138.jpeg""},{""url"":""https://ghdcjmmxfeaedsspterz.supabase.co/storage/v1/object/public/barrier-images/barrier/1777354653511_eoftwc_IMG_9139.jpeg"",""name"":""1777354653511_eoftwc_IMG_9139.jpeg"",""path"":""barrier/1777354653511_eoftwc_IMG_9139.jpeg"",""type"":""image/jpeg"",""bucket"":""barrier-images"",""originalName"":""IMG_9139.jpeg""},{""url"":""https://ghdcjmmxfeaedsspterz.supabase.co/storage/v1/object/public/barrier-images/barrier/1777354656256_lfx0w3_IMG_9140.jpeg"",""name"":""1777354656256_lfx0w3_IMG_9140.jpeg"",""path"":""barrier/1777354656256_lfx0w3_IMG_9140.jpeg"",""type"":""image/jpeg"",""bucket"":""barrier-images"",""originalName"":""IMG_9140.jpeg""}],""imageNames"":[""1777354647421_byro2o_IMG_9137.jpeg"",""1777354650738_p4pbsx_IMG_9138.jpeg"",""1777354653511_eoftwc_IMG_9139.jpeg"",""1777354656256_lfx0w3_IMG_9140.jpeg""]},{""floor"":""2F"",""imageFiles"":[],""imageNames"":[]},{""floor"":""3F"",""imageFiles"":[],""imageNames"":[]},{""floor"":""4F"",""imageFiles"":[],""imageNames"":[]}]","1777354647421_byro2o_IMG_9137.jpeg|1777354650738_p4pbsx_IMG_9138.jpeg|1777354653511_eoftwc_IMG_9139.jpeg|1777354656256_lfx0w3_IMG_9140.jpeg"
"36.4686985","127.1409293","교육정보관","1F","false","true","false","false","false","false","0","0","false","장애인화장실 없음","1F:3장","1F[IMG_5650.jpeg+IMG_5649.jpeg+IMG_5648.jpeg]","[{""floor"":""1F"",""imageFiles"":[{""url"":""https://ghdcjmmxfeaedsspterz.supabase.co/storage/v1/object/public/barrier-images/barrier/1777354865795_50prsr_IMG_5650.jpeg"",""name"":""1777354865795_50prsr_IMG_5650.jpeg"",""path"":""barrier/1777354865795_50prsr_IMG_5650.jpeg"",""type"":""image/jpeg"",""bucket"":""barrier-images"",""originalName"":""IMG_5650.jpeg""},{""url"":""https://ghdcjmmxfeaedsspterz.supabase.co/storage/v1/object/public/barrier-images/barrier/1777354872066_zf38p0_IMG_5649.jpeg"",""name"":""1777354872066_zf38p0_IMG_5649.jpeg"",""path"":""barrier/1777354872066_zf38p0_IMG_5649.jpeg"",""type"":""image/jpeg"",""bucket"":""barrier-images"",""originalName"":""IMG_5649.jpeg""},{""url"":""https://ghdcjmmxfeaedsspterz.supabase.co/storage/v1/object/public/barrier-images/barrier/1777354876876_onio64_IMG_5648.jpeg"",""name"":""1777354876876_onio64_IMG_5648.jpeg"",""path"":""barrier/1777354876876_onio64_IMG_5648.jpeg"",""type"":""image/jpeg"",""bucket"":""barrier-images"",""originalName"":""IMG_5648.jpeg""}],""imageNames"":[""1777354865795_50prsr_IMG_5650.jpeg"",""1777354872066_zf38p0_IMG_5649.jpeg"",""1777354876876_onio64_IMG_5648.jpeg""]}]","1777354865795_50prsr_IMG_5650.jpeg|1777354872066_zf38p0_IMG_5649.jpeg|1777354876876_onio64_IMG_5648.jpeg"
"36.4683646","127.1411711","공주대학교 외국어상업정보관","3F","true","true","false","true","true","false","1","1","true","모든 층에 승강기 o
1F - 전용 화장실 o
2F~3F - 편의시설 x","1F:4장 | 2F:0장 | 3F:0장","1F[image.jpg+image.jpg+image.jpg+image.jpg] | 2F[] | 3F[]","[{""floor"":""1F"",""imageFiles"":[{""url"":""https://ghdcjmmxfeaedsspterz.supabase.co/storage/v1/object/public/barrier-images/barrier/1777355092653_9ves09_image.jpg"",""name"":""1777355092653_9ves09_image.jpg"",""path"":""barrier/1777355092653_9ves09_image.jpg"",""type"":""image/jpeg"",""bucket"":""barrier-images"",""originalName"":""image.jpg""},{""url"":""https://ghdcjmmxfeaedsspterz.supabase.co/storage/v1/object/public/barrier-images/barrier/1777355095859_dbfjxb_image.jpg"",""name"":""1777355095859_dbfjxb_image.jpg"",""path"":""barrier/1777355095859_dbfjxb_image.jpg"",""type"":""image/jpeg"",""bucket"":""barrier-images"",""originalName"":""image.jpg""},{""url"":""https://ghdcjmmxfeaedsspterz.supabase.co/storage/v1/object/public/barrier-images/barrier/1777355098106_mkmwu4_image.jpg"",""name"":""1777355098106_mkmwu4_image.jpg"",""path"":""barrier/1777355098106_mkmwu4_image.jpg"",""type"":""image/jpeg"",""bucket"":""barrier-images"",""originalName"":""image.jpg""},{""url"":""https://ghdcjmmxfeaedsspterz.supabase.co/storage/v1/object/public/barrier-images/barrier/1777355100922_uxqhmg_image.jpg"",""name"":""1777355100922_uxqhmg_image.jpg"",""path"":""barrier/1777355100922_uxqhmg_image.jpg"",""type"":""image/jpeg"",""bucket"":""barrier-images"",""originalName"":""image.jpg""}],""imageNames"":[""1777355092653_9ves09_image.jpg"",""1777355095859_dbfjxb_image.jpg"",""1777355098106_mkmwu4_image.jpg"",""1777355100922_uxqhmg_image.jpg""]},{""floor"":""2F"",""imageFiles"":[],""imageNames"":[]},{""floor"":""3F"",""imageFiles"":[],""imageNames"":[]}]","1777355092653_9ves09_image.jpg|1777355095859_dbfjxb_image.jpg|1777355098106_mkmwu4_image.jpg|1777355100922_uxqhmg_image.jpg"
"36.4689991","127.1437297","공주대학교 세종한민족교육문화센터","7F","true","true","false","true","false","false","4","5","true","B1~F7 - 전용 승강기 o 
B1~1F - 전용 주차장 o
1F - 전용 화장실 o
B1~2F - 출입구 o","B1:3장 | 2F:1장 | 1F:5장 | 3F:0장 | 4F:0장 | 5F:0장 | 6F:0장 | 7F:0장","B1[IMG_5661.jpeg+IMG_5662.jpeg+IMG_5663.jpeg] | 2F[IMG_5667.jpeg] | 1F[IMG_5659.jpeg+IMG_5660.jpeg+IMG_5664.jpeg+IMG_5665.jpeg+IMG_5666.jpeg] | 3F[] | 4F[] | 5F[] | 6F[] | 7F[]","[{""floor"":""B1"",""imageFiles"":[{""url"":""https://ghdcjmmxfeaedsspterz.supabase.co/storage/v1/object/public/barrier-images/barrier/1777356141906_3dm1o7_IMG_5661.jpeg"",""name"":""1777356141906_3dm1o7_IMG_5661.jpeg"",""path"":""barrier/1777356141906_3dm1o7_IMG_5661.jpeg"",""type"":""image/jpeg"",""bucket"":""barrier-images"",""originalName"":""IMG_5661.jpeg""},{""url"":""https://ghdcjmmxfeaedsspterz.supabase.co/storage/v1/object/public/barrier-images/barrier/1777356147799_c2k2hu_IMG_5662.jpeg"",""name"":""1777356147799_c2k2hu_IMG_5662.jpeg"",""path"":""barrier/1777356147799_c2k2hu_IMG_5662.jpeg"",""type"":""image/jpeg"",""bucket"":""barrier-images"",""originalName"":""IMG_5662.jpeg""},{""url"":""https://ghdcjmmxfeaedsspterz.supabase.co/storage/v1/object/public/barrier-images/barrier/1777356150690_rgbywt_IMG_5663.jpeg"",""name"":""1777356150690_rgbywt_IMG_5663.jpeg"",""path"":""barrier/1777356150690_rgbywt_IMG_5663.jpeg"",""type"":""image/jpeg"",""bucket"":""barrier-images"",""originalName"":""IMG_5663.jpeg""}],""imageNames"":[""1777356141906_3dm1o7_IMG_5661.jpeg"",""1777356147799_c2k2hu_IMG_5662.jpeg"",""1777356150690_rgbywt_IMG_5663.jpeg""]},{""floor"":""2F"",""imageFiles"":[{""url"":""https://ghdcjmmxfeaedsspterz.supabase.co/storage/v1/object/public/barrier-images/barrier/1777356544752_n5bdoa_IMG_5667.jpeg"",""name"":""1777356544752_n5bdoa_IMG_5667.jpeg"",""path"":""barrier/1777356544752_n5bdoa_IMG_5667.jpeg"",""type"":""image/jpeg"",""bucket"":""barrier-images"",""originalName"":""IMG_5667.jpeg""}],""imageNames"":[""1777356544752_n5bdoa_IMG_5667.jpeg""]},{""floor"":""1F"",""imageFiles"":[{""url"":""https://ghdcjmmxfeaedsspterz.supabase.co/storage/v1/object/public/barrier-images/barrier/1777356608603_17vmny_IMG_5659.jpeg"",""name"":""1777356608603_17vmny_IMG_5659.jpeg"",""path"":""barrier/1777356608603_17vmny_IMG_5659.jpeg"",""type"":""image/jpeg"",""bucket"":""barrier-images"",""originalName"":""IMG_5659.jpeg""},{""url"":""https://ghdcjmmxfeaedsspterz.supabase.co/storage/v1/object/public/barrier-images/barrier/1777356612908_96x76f_IMG_5660.jpeg"",""name"":""1777356612908_96x76f_IMG_5660.jpeg"",""path"":""barrier/1777356612908_96x76f_IMG_5660.jpeg"",""type"":""image/jpeg"",""bucket"":""barrier-images"",""originalName"":""IMG_5660.jpeg""},{""url"":""https://ghdcjmmxfeaedsspterz.supabase.co/storage/v1/object/public/barrier-images/barrier/1777356615592_li7jjv_IMG_5664.jpeg"",""name"":""1777356615592_li7jjv_IMG_5664.jpeg"",""path"":""barrier/1777356615592_li7jjv_IMG_5664.jpeg"",""type"":""image/jpeg"",""bucket"":""barrier-images"",""originalName"":""IMG_5664.jpeg""},{""url"":""https://ghdcjmmxfeaedsspterz.supabase.co/storage/v1/object/public/barrier-images/barrier/1777356618072_se2v10_IMG_5665.jpeg"",""name"":""1777356618072_se2v10_IMG_5665.jpeg"",""path"":""barrier/1777356618072_se2v10_IMG_5665.jpeg"",""type"":""image/jpeg"",""bucket"":""barrier-images"",""originalName"":""IMG_5665.jpeg""},{""url"":""https://ghdcjmmxfeaedsspterz.supabase.co/storage/v1/object/public/barrier-images/barrier/1777356621748_9z4v5h_IMG_5666.jpeg"",""name"":""1777356621748_9z4v5h_IMG_5666.jpeg"",""path"":""barrier/1777356621748_9z4v5h_IMG_5666.jpeg"",""type"":""image/jpeg"",""bucket"":""barrier-images"",""originalName"":""IMG_5666.jpeg""}],""imageNames"":[""1777356608603_17vmny_IMG_5659.jpeg"",""1777356612908_96x76f_IMG_5660.jpeg"",""1777356615592_li7jjv_IMG_5664.jpeg"",""1777356618072_se2v10_IMG_5665.jpeg"",""1777356621748_9z4v5h_IMG_5666.jpeg""]},{""floor"":""3F"",""imageFiles"":[],""imageNames"":[]},{""floor"":""4F"",""imageFiles"":[],""imageNames"":[]},{""floor"":""5F"",""imageFiles"":[],""imageNames"":[]},{""floor"":""6F"",""imageFiles"":[],""imageNames"":[]},{""floor"":""7F"",""imageFiles"":[],""imageNames"":[]}]","1777356141906_3dm1o7_IMG_5661.jpeg|1777356147799_c2k2hu_IMG_5662.jpeg|1777356150690_rgbywt_IMG_5663.jpeg|1777356544752_n5bdoa_IMG_5667.jpeg|1777356608603_17vmny_IMG_5659.jpeg|1777356612908_96x76f_IMG_5660.jpeg|1777356615592_li7jjv_IMG_5664.jpeg|1777356618072_se2v10_IMG_5665.jpeg|1777356621748_9z4v5h_IMG_5666.jpeg"
"36.469258","127.1431115","공주대학교 특수문헌정보관","4F","true","true","true","true","true","false","2","2","true","모든 층에 승강기 o
모든 층에 경사로 o
1F, 4F - 전용 화장실 o","1F:7장 | 2F:0장 | 3F:0장 | 4F:1장","1F[image.jpg+image.jpg+image.jpg+image.jpg+image.jpg+image.jpg+image.jpg] | 2F[] | 3F[] | 4F[image.jpg]","[{""floor"":""1F"",""imageFiles"":[{""url"":""https://ghdcjmmxfeaedsspterz.supabase.co/storage/v1/object/public/barrier-images/barrier/1777356992460_fq362b_image.jpg"",""name"":""1777356992460_fq362b_image.jpg"",""path"":""barrier/1777356992460_fq362b_image.jpg"",""type"":""image/jpeg"",""bucket"":""barrier-images"",""originalName"":""image.jpg""},{""url"":""https://ghdcjmmxfeaedsspterz.supabase.co/storage/v1/object/public/barrier-images/barrier/1777356996903_h709f4_image.jpg"",""name"":""1777356996903_h709f4_image.jpg"",""path"":""barrier/1777356996903_h709f4_image.jpg"",""type"":""image/jpeg"",""bucket"":""barrier-images"",""originalName"":""image.jpg""},{""url"":""https://ghdcjmmxfeaedsspterz.supabase.co/storage/v1/object/public/barrier-images/barrier/1777356999782_1duk3q_image.jpg"",""name"":""1777356999782_1duk3q_image.jpg"",""path"":""barrier/1777356999782_1duk3q_image.jpg"",""type"":""image/jpeg"",""bucket"":""barrier-images"",""originalName"":""image.jpg""},{""url"":""https://ghdcjmmxfeaedsspterz.supabase.co/storage/v1/object/public/barrier-images/barrier/1777357003045_jrwtcr_image.jpg"",""name"":""1777357003045_jrwtcr_image.jpg"",""path"":""barrier/1777357003045_jrwtcr_image.jpg"",""type"":""image/jpeg"",""bucket"":""barrier-images"",""originalName"":""image.jpg""},{""url"":""https://ghdcjmmxfeaedsspterz.supabase.co/storage/v1/object/public/barrier-images/barrier/1777357006719_oy1ged_image.jpg"",""name"":""1777357006719_oy1ged_image.jpg"",""path"":""barrier/1777357006719_oy1ged_image.jpg"",""type"":""image/jpeg"",""bucket"":""barrier-images"",""originalName"":""image.jpg""},{""url"":""https://ghdcjmmxfeaedsspterz.supabase.co/storage/v1/object/public/barrier-images/barrier/1777357009372_g7czci_image.jpg"",""name"":""1777357009372_g7czci_image.jpg"",""path"":""barrier/1777357009372_g7czci_image.jpg"",""type"":""image/jpeg"",""bucket"":""barrier-images"",""originalName"":""image.jpg""},{""url"":""https://ghdcjmmxfeaedsspterz.supabase.co/storage/v1/object/public/barrier-images/barrier/1777357011621_6fkfil_image.jpg"",""name"":""1777357011621_6fkfil_image.jpg"",""path"":""barrier/1777357011621_6fkfil_image.jpg"",""type"":""image/jpeg"",""bucket"":""barrier-images"",""originalName"":""image.jpg""}],""imageNames"":[""1777356992460_fq362b_image.jpg"",""1777356996903_h709f4_image.jpg"",""1777356999782_1duk3q_image.jpg"",""1777357003045_jrwtcr_image.jpg"",""1777357006719_oy1ged_image.jpg"",""1777357009372_g7czci_image.jpg"",""1777357011621_6fkfil_image.jpg""]},{""floor"":""2F"",""imageFiles"":[],""imageNames"":[]},{""floor"":""3F"",""imageFiles"":[],""imageNames"":[]},{""floor"":""4F"",""imageFiles"":[{""url"":""https://ghdcjmmxfeaedsspterz.supabase.co/storage/v1/object/public/barrier-images/barrier/1777357014185_56kt4i_image.jpg"",""name"":""1777357014185_56kt4i_image.jpg"",""path"":""barrier/1777357014185_56kt4i_image.jpg"",""type"":""image/jpeg"",""bucket"":""barrier-images"",""originalName"":""image.jpg""}],""imageNames"":[""1777357014185_56kt4i_image.jpg""]}]","1777356992460_fq362b_image.jpg|1777356996903_h709f4_image.jpg|1777356999782_1duk3q_image.jpg|1777357003045_jrwtcr_image.jpg|1777357006719_oy1ged_image.jpg|1777357009372_g7czci_image.jpg|1777357011621_6fkfil_image.jpg|1777357014185_56kt4i_image.jpg"
"36.4697725","127.1421876","공주대학교 사범대학관","5F","true","true","false","true","true","false","2","5","true","모든 층에 승강기 o
1F - 전용 화장실 o
2F~5F - 편의시설 x","1F:5장 | 2F:0장 | 3F:0장 | 4F:0장 | 5F:0장","1F[IMG_5668.jpeg+IMG_5669.jpeg+IMG_5670.jpeg+IMG_5671.jpeg+IMG_5672.jpeg] | 2F[] | 3F[] | 4F[] | 5F[]","[{""floor"":""1F"",""imageFiles"":[{""url"":""https://ghdcjmmxfeaedsspterz.supabase.co/storage/v1/object/public/barrier-images/barrier/1777357255074_s2y4yj_IMG_5668.jpeg"",""name"":""1777357255074_s2y4yj_IMG_5668.jpeg"",""path"":""barrier/1777357255074_s2y4yj_IMG_5668.jpeg"",""type"":""image/jpeg"",""bucket"":""barrier-images"",""originalName"":""IMG_5668.jpeg""},{""url"":""https://ghdcjmmxfeaedsspterz.supabase.co/storage/v1/object/public/barrier-images/barrier/1777357262256_izz7u8_IMG_5669.jpeg"",""name"":""1777357262256_izz7u8_IMG_5669.jpeg"",""path"":""barrier/1777357262256_izz7u8_IMG_5669.jpeg"",""type"":""image/jpeg"",""bucket"":""barrier-images"",""originalName"":""IMG_5669.jpeg""},{""url"":""https://ghdcjmmxfeaedsspterz.supabase.co/storage/v1/object/public/barrier-images/barrier/1777357266735_kq8a82_IMG_5670.jpeg"",""name"":""1777357266735_kq8a82_IMG_5670.jpeg"",""path"":""barrier/1777357266735_kq8a82_IMG_5670.jpeg"",""type"":""image/jpeg"",""bucket"":""barrier-images"",""originalName"":""IMG_5670.jpeg""},{""url"":""https://ghdcjmmxfeaedsspterz.supabase.co/storage/v1/object/public/barrier-images/barrier/1777357271005_sw3ab3_IMG_5671.jpeg"",""name"":""1777357271005_sw3ab3_IMG_5671.jpeg"",""path"":""barrier/1777357271005_sw3ab3_IMG_5671.jpeg"",""type"":""image/jpeg"",""bucket"":""barrier-images"",""originalName"":""IMG_5671.jpeg""},{""url"":""https://ghdcjmmxfeaedsspterz.supabase.co/storage/v1/object/public/barrier-images/barrier/1777357276960_61cxzw_IMG_5672.jpeg"",""name"":""1777357276960_61cxzw_IMG_5672.jpeg"",""path"":""barrier/1777357276960_61cxzw_IMG_5672.jpeg"",""type"":""image/jpeg"",""bucket"":""barrier-images"",""originalName"":""IMG_5672.jpeg""}],""imageNames"":[""1777357255074_s2y4yj_IMG_5668.jpeg"",""1777357262256_izz7u8_IMG_5669.jpeg"",""1777357266735_kq8a82_IMG_5670.jpeg"",""1777357271005_sw3ab3_IMG_5671.jpeg"",""1777357276960_61cxzw_IMG_5672.jpeg""]},{""floor"":""2F"",""imageFiles"":[],""imageNames"":[]},{""floor"":""3F"",""imageFiles"":[],""imageNames"":[]},{""floor"":""4F"",""imageFiles"":[],""imageNames"":[]},{""floor"":""5F"",""imageFiles"":[],""imageNames"":[]}]","1777357255074_s2y4yj_IMG_5668.jpeg|1777357262256_izz7u8_IMG_5669.jpeg|1777357266735_kq8a82_IMG_5670.jpeg|1777357271005_sw3ab3_IMG_5671.jpeg|1777357276960_61cxzw_IMG_5672.jpeg"
"36.4699297","127.1415064","공주대학교 대학본부","10F","true","true","true","true","true","false","1","10","true","모든 층에 승강기 o
1F - 전용 화장실 o
2F~10F - 편의시설 x","1F:6장 | 2F:0장 | 3F:0장 | 4F:0장 | 5F:0장 | 6F:0장 | 7F:0장 | 8F:0장 | 9F:0장 | 10F:0장","1F[image.jpg+image.jpg+image.jpg+image.jpg+image.jpg+image.jpg] | 2F[] | 3F[] | 4F[] | 5F[] | 6F[] | 7F[] | 8F[] | 9F[] | 10F[]","[{""floor"":""1F"",""imageFiles"":[{""url"":""https://ghdcjmmxfeaedsspterz.supabase.co/storage/v1/object/public/barrier-images/barrier/1777358231793_588ey0_image.jpg"",""name"":""1777358231793_588ey0_image.jpg"",""path"":""barrier/1777358231793_588ey0_image.jpg"",""type"":""image/jpeg"",""bucket"":""barrier-images"",""originalName"":""image.jpg""},{""url"":""https://ghdcjmmxfeaedsspterz.supabase.co/storage/v1/object/public/barrier-images/barrier/1777358234978_r92i2e_image.jpg"",""name"":""1777358234978_r92i2e_image.jpg"",""path"":""barrier/1777358234978_r92i2e_image.jpg"",""type"":""image/jpeg"",""bucket"":""barrier-images"",""originalName"":""image.jpg""},{""url"":""https://ghdcjmmxfeaedsspterz.supabase.co/storage/v1/object/public/barrier-images/barrier/1777358237479_poj5rr_image.jpg"",""name"":""1777358237479_poj5rr_image.jpg"",""path"":""barrier/1777358237479_poj5rr_image.jpg"",""type"":""image/jpeg"",""bucket"":""barrier-images"",""originalName"":""image.jpg""},{""url"":""https://ghdcjmmxfeaedsspterz.supabase.co/storage/v1/object/public/barrier-images/barrier/1777358240015_yvo9x9_image.jpg"",""name"":""1777358240015_yvo9x9_image.jpg"",""path"":""barrier/1777358240015_yvo9x9_image.jpg"",""type"":""image/jpeg"",""bucket"":""barrier-images"",""originalName"":""image.jpg""},{""url"":""https://ghdcjmmxfeaedsspterz.supabase.co/storage/v1/object/public/barrier-images/barrier/1777358242546_18hhaq_image.jpg"",""name"":""1777358242546_18hhaq_image.jpg"",""path"":""barrier/1777358242546_18hhaq_image.jpg"",""type"":""image/jpeg"",""bucket"":""barrier-images"",""originalName"":""image.jpg""},{""url"":""https://ghdcjmmxfeaedsspterz.supabase.co/storage/v1/object/public/barrier-images/barrier/1777358527854_57l7u5_image.jpg"",""name"":""1777358527854_57l7u5_image.jpg"",""path"":""barrier/1777358527854_57l7u5_image.jpg"",""type"":""image/jpeg"",""bucket"":""barrier-images"",""originalName"":""image.jpg""}],""imageNames"":[""1777358231793_588ey0_image.jpg"",""1777358234978_r92i2e_image.jpg"",""1777358237479_poj5rr_image.jpg"",""1777358240015_yvo9x9_image.jpg"",""1777358242546_18hhaq_image.jpg"",""1777358527854_57l7u5_image.jpg""]},{""floor"":""2F"",""imageFiles"":[],""imageNames"":[]},{""floor"":""3F"",""imageFiles"":[],""imageNames"":[]},{""floor"":""4F"",""imageFiles"":[],""imageNames"":[]},{""floor"":""5F"",""imageFiles"":[],""imageNames"":[]},{""floor"":""6F"",""imageFiles"":[],""imageNames"":[]},{""floor"":""7F"",""imageFiles"":[],""imageNames"":[]},{""floor"":""8F"",""imageFiles"":[],""imageNames"":[]},{""floor"":""9F"",""imageFiles"":[],""imageNames"":[]},{""floor"":""10F"",""imageFiles"":[],""imageNames"":[]}]","1777358231793_588ey0_image.jpg|1777358234978_r92i2e_image.jpg|1777358237479_poj5rr_image.jpg|1777358240015_yvo9x9_image.jpg|1777358242546_18hhaq_image.jpg|1777358527854_57l7u5_image.jpg"
"36.4701936","127.1419565","공주대학교 제1과학교육관","3F","true","true","false","true","false","false","1","1","true","모든 층에 승강기 o
1F - 전용 화장실 o
2F~3F - 편의시설x","1F:4장 | 2F:0장 | 3F:0장","1F[IMG_5674.jpeg+IMG_5675.jpeg+IMG_5676.jpeg+IMG_5677.jpeg] | 2F[] | 3F[]","[{""floor"":""1F"",""imageFiles"":[{""url"":""https://ghdcjmmxfeaedsspterz.supabase.co/storage/v1/object/public/barrier-images/barrier/1777358489209_v0wk7a_IMG_5674.jpeg"",""name"":""1777358489209_v0wk7a_IMG_5674.jpeg"",""path"":""barrier/1777358489209_v0wk7a_IMG_5674.jpeg"",""type"":""image/jpeg"",""bucket"":""barrier-images"",""originalName"":""IMG_5674.jpeg""},{""url"":""https://ghdcjmmxfeaedsspterz.supabase.co/storage/v1/object/public/barrier-images/barrier/1777358499938_ayba7u_IMG_5675.jpeg"",""name"":""1777358499938_ayba7u_IMG_5675.jpeg"",""path"":""barrier/1777358499938_ayba7u_IMG_5675.jpeg"",""type"":""image/jpeg"",""bucket"":""barrier-images"",""originalName"":""IMG_5675.jpeg""},{""url"":""https://ghdcjmmxfeaedsspterz.supabase.co/storage/v1/object/public/barrier-images/barrier/1777358502339_d1s1hf_IMG_5676.jpeg"",""name"":""1777358502339_d1s1hf_IMG_5676.jpeg"",""path"":""barrier/1777358502339_d1s1hf_IMG_5676.jpeg"",""type"":""image/jpeg"",""bucket"":""barrier-images"",""originalName"":""IMG_5676.jpeg""},{""url"":""https://ghdcjmmxfeaedsspterz.supabase.co/storage/v1/object/public/barrier-images/barrier/1777358504260_m67qdj_IMG_5677.jpeg"",""name"":""1777358504260_m67qdj_IMG_5677.jpeg"",""path"":""barrier/1777358504260_m67qdj_IMG_5677.jpeg"",""type"":""image/jpeg"",""bucket"":""barrier-images"",""originalName"":""IMG_5677.jpeg""}],""imageNames"":[""1777358489209_v0wk7a_IMG_5674.jpeg"",""1777358499938_ayba7u_IMG_5675.jpeg"",""1777358502339_d1s1hf_IMG_5676.jpeg"",""1777358504260_m67qdj_IMG_5677.jpeg""]},{""floor"":""2F"",""imageFiles"":[],""imageNames"":[]},{""floor"":""3F"",""imageFiles"":[],""imageNames"":[]}]","1777358489209_v0wk7a_IMG_5674.jpeg|1777358499938_ayba7u_IMG_5675.jpeg|1777358502339_d1s1hf_IMG_5676.jpeg|1777358504260_m67qdj_IMG_5677.jpeg"
"36.4706571","127.1424686","공주대학교 제2과학교육관","5F","true","true","false","false","true","true","0","0","true","엘리베이터에서 내리면 실내 진입에 있어 중간에 턱이 층마다 있음

모든 층에 승강기 o
모든 층에 약간의 턱이 존재.
1F~5F - 편의시설 X","1F:8장 | 2F:0장 | 3F:0장 | 4F:0장 | 5F:0장","1F[IMG_5678.jpeg+IMG_5679.jpeg+IMG_5680.jpeg+IMG_5681.jpeg+IMG_5682.jpeg+IMG_5683.jpeg+IMG_5685.jpeg+IMG_5684.jpeg] | 2F[] | 3F[] | 4F[] | 5F[]","[{""floor"":""1F"",""imageFiles"":[{""url"":""https://ghdcjmmxfeaedsspterz.supabase.co/storage/v1/object/public/barrier-images/barrier/1777359135213_rigbyr_IMG_5678.jpeg"",""name"":""1777359135213_rigbyr_IMG_5678.jpeg"",""path"":""barrier/1777359135213_rigbyr_IMG_5678.jpeg"",""type"":""image/jpeg"",""bucket"":""barrier-images"",""originalName"":""IMG_5678.jpeg""},{""url"":""https://ghdcjmmxfeaedsspterz.supabase.co/storage/v1/object/public/barrier-images/barrier/1777359140696_w9x6cf_IMG_5679.jpeg"",""name"":""1777359140696_w9x6cf_IMG_5679.jpeg"",""path"":""barrier/1777359140696_w9x6cf_IMG_5679.jpeg"",""type"":""image/jpeg"",""bucket"":""barrier-images"",""originalName"":""IMG_5679.jpeg""},{""url"":""https://ghdcjmmxfeaedsspterz.supabase.co/storage/v1/object/public/barrier-images/barrier/1777359143449_8bc9f6_IMG_5680.jpeg"",""name"":""1777359143449_8bc9f6_IMG_5680.jpeg"",""path"":""barrier/1777359143449_8bc9f6_IMG_5680.jpeg"",""type"":""image/jpeg"",""bucket"":""barrier-images"",""originalName"":""IMG_5680.jpeg""},{""url"":""https://ghdcjmmxfeaedsspterz.supabase.co/storage/v1/object/public/barrier-images/barrier/1777359146702_zsl6lz_IMG_5681.jpeg"",""name"":""1777359146702_zsl6lz_IMG_5681.jpeg"",""path"":""barrier/1777359146702_zsl6lz_IMG_5681.jpeg"",""type"":""image/jpeg"",""bucket"":""barrier-images"",""originalName"":""IMG_5681.jpeg""},{""url"":""https://ghdcjmmxfeaedsspterz.supabase.co/storage/v1/object/public/barrier-images/barrier/1777359150709_ljzi7b_IMG_5682.jpeg"",""name"":""1777359150709_ljzi7b_IMG_5682.jpeg"",""path"":""barrier/1777359150709_ljzi7b_IMG_5682.jpeg"",""type"":""image/jpeg"",""bucket"":""barrier-images"",""originalName"":""IMG_5682.jpeg""},{""url"":""https://ghdcjmmxfeaedsspterz.supabase.co/storage/v1/object/public/barrier-images/barrier/1777359152621_ku5gg5_IMG_5683.jpeg"",""name"":""1777359152621_ku5gg5_IMG_5683.jpeg"",""path"":""barrier/1777359152621_ku5gg5_IMG_5683.jpeg"",""type"":""image/jpeg"",""bucket"":""barrier-images"",""originalName"":""IMG_5683.jpeg""},{""url"":""https://ghdcjmmxfeaedsspterz.supabase.co/storage/v1/object/public/barrier-images/barrier/1777359155017_la7c9v_IMG_5685.jpeg"",""name"":""1777359155017_la7c9v_IMG_5685.jpeg"",""path"":""barrier/1777359155017_la7c9v_IMG_5685.jpeg"",""type"":""image/jpeg"",""bucket"":""barrier-images"",""originalName"":""IMG_5685.jpeg""},{""url"":""https://ghdcjmmxfeaedsspterz.supabase.co/storage/v1/object/public/barrier-images/barrier/1777359156943_f96ikh_IMG_5684.jpeg"",""name"":""1777359156943_f96ikh_IMG_5684.jpeg"",""path"":""barrier/1777359156943_f96ikh_IMG_5684.jpeg"",""type"":""image/jpeg"",""bucket"":""barrier-images"",""originalName"":""IMG_5684.jpeg""}],""imageNames"":[""1777359135213_rigbyr_IMG_5678.jpeg"",""1777359140696_w9x6cf_IMG_5679.jpeg"",""1777359143449_8bc9f6_IMG_5680.jpeg"",""1777359146702_zsl6lz_IMG_5681.jpeg"",""1777359150709_ljzi7b_IMG_5682.jpeg"",""1777359152621_ku5gg5_IMG_5683.jpeg"",""1777359155017_la7c9v_IMG_5685.jpeg"",""1777359156943_f96ikh_IMG_5684.jpeg""]},{""floor"":""2F"",""imageFiles"":[],""imageNames"":[]},{""floor"":""3F"",""imageFiles"":[],""imageNames"":[]},{""floor"":""4F"",""imageFiles"":[],""imageNames"":[]},{""floor"":""5F"",""imageFiles"":[],""imageNames"":[]}]","1777359135213_rigbyr_IMG_5678.jpeg|1777359140696_w9x6cf_IMG_5679.jpeg|1777359143449_8bc9f6_IMG_5680.jpeg|1777359146702_zsl6lz_IMG_5681.jpeg|1777359150709_ljzi7b_IMG_5682.jpeg|1777359152621_ku5gg5_IMG_5683.jpeg|1777359155017_la7c9v_IMG_5685.jpeg|1777359156943_f96ikh_IMG_5684.jpeg"
"36.4707207","127.1441444","공주대학교 자연과학대학","4F","true","true","true","true","true","false","5","10","true","동관 서관에 각각 1층에 장애인 화장실 위치함
1F - 동관, 서관 각각 전용 화장실 o
2F~4F - 편의시설 x","1F:10장 | 2F:0장 | 3F:0장 | 4F:0장","1F[image.jpg+image.jpg+image.jpg+image.jpg+image.jpg+image.jpg+image.jpg+image.jpg+image.jpg+image.jpg] | 2F[] | 3F[] | 4F[]","[{""floor"":""1F"",""imageFiles"":[{""url"":""https://ghdcjmmxfeaedsspterz.supabase.co/storage/v1/object/public/barrier-images/barrier/1777359998919_bcv4xv_image.jpg"",""name"":""1777359998919_bcv4xv_image.jpg"",""path"":""barrier/1777359998919_bcv4xv_image.jpg"",""type"":""image/jpeg"",""bucket"":""barrier-images"",""originalName"":""image.jpg""},{""url"":""https://ghdcjmmxfeaedsspterz.supabase.co/storage/v1/object/public/barrier-images/barrier/1777360002437_5qndeh_image.jpg"",""name"":""1777360002437_5qndeh_image.jpg"",""path"":""barrier/1777360002437_5qndeh_image.jpg"",""type"":""image/jpeg"",""bucket"":""barrier-images"",""originalName"":""image.jpg""},{""url"":""https://ghdcjmmxfeaedsspterz.supabase.co/storage/v1/object/public/barrier-images/barrier/1777360005114_breute_image.jpg"",""name"":""1777360005114_breute_image.jpg"",""path"":""barrier/1777360005114_breute_image.jpg"",""type"":""image/jpeg"",""bucket"":""barrier-images"",""originalName"":""image.jpg""},{""url"":""https://ghdcjmmxfeaedsspterz.supabase.co/storage/v1/object/public/barrier-images/barrier/1777360006817_um9dav_image.jpg"",""name"":""1777360006817_um9dav_image.jpg"",""path"":""barrier/1777360006817_um9dav_image.jpg"",""type"":""image/jpeg"",""bucket"":""barrier-images"",""originalName"":""image.jpg""},{""url"":""https://ghdcjmmxfeaedsspterz.supabase.co/storage/v1/object/public/barrier-images/barrier/1777360009057_19f42m_image.jpg"",""name"":""1777360009057_19f42m_image.jpg"",""path"":""barrier/1777360009057_19f42m_image.jpg"",""type"":""image/jpeg"",""bucket"":""barrier-images"",""originalName"":""image.jpg""},{""url"":""https://ghdcjmmxfeaedsspterz.supabase.co/storage/v1/object/public/barrier-images/barrier/1777360010657_ny6hb6_image.jpg"",""name"":""1777360010657_ny6hb6_image.jpg"",""path"":""barrier/1777360010657_ny6hb6_image.jpg"",""type"":""image/jpeg"",""bucket"":""barrier-images"",""originalName"":""image.jpg""},{""url"":""https://ghdcjmmxfeaedsspterz.supabase.co/storage/v1/object/public/barrier-images/barrier/1777360013998_0vv1oq_image.jpg"",""name"":""1777360013998_0vv1oq_image.jpg"",""path"":""barrier/1777360013998_0vv1oq_image.jpg"",""type"":""image/jpeg"",""bucket"":""barrier-images"",""originalName"":""image.jpg""},{""url"":""https://ghdcjmmxfeaedsspterz.supabase.co/storage/v1/object/public/barrier-images/barrier/1777360016097_ajpw3s_image.jpg"",""name"":""1777360016097_ajpw3s_image.jpg"",""path"":""barrier/1777360016097_ajpw3s_image.jpg"",""type"":""image/jpeg"",""bucket"":""barrier-images"",""originalName"":""image.jpg""},{""url"":""https://ghdcjmmxfeaedsspterz.supabase.co/storage/v1/object/public/barrier-images/barrier/1777360018017_tx4itx_image.jpg"",""name"":""1777360018017_tx4itx_image.jpg"",""path"":""barrier/1777360018017_tx4itx_image.jpg"",""type"":""image/jpeg"",""bucket"":""barrier-images"",""originalName"":""image.jpg""},{""url"":""https://ghdcjmmxfeaedsspterz.supabase.co/storage/v1/object/public/barrier-images/barrier/1777360021691_tuihsb_image.jpg"",""name"":""1777360021691_tuihsb_image.jpg"",""path"":""barrier/1777360021691_tuihsb_image.jpg"",""type"":""image/jpeg"",""bucket"":""barrier-images"",""originalName"":""image.jpg""}],""imageNames"":[""1777359998919_bcv4xv_image.jpg"",""1777360002437_5qndeh_image.jpg"",""1777360005114_breute_image.jpg"",""1777360006817_um9dav_image.jpg"",""1777360009057_19f42m_image.jpg"",""1777360010657_ny6hb6_image.jpg"",""1777360013998_0vv1oq_image.jpg"",""1777360016097_ajpw3s_image.jpg"",""1777360018017_tx4itx_image.jpg"",""1777360021691_tuihsb_image.jpg""]},{""floor"":""2F"",""imageFiles"":[],""imageNames"":[]},{""floor"":""3F"",""imageFiles"":[],""imageNames"":[]},{""floor"":""4F"",""imageFiles"":[],""imageNames"":[]}]","1777359998919_bcv4xv_image.jpg|1777360002437_5qndeh_image.jpg|1777360005114_breute_image.jpg|1777360006817_um9dav_image.jpg|1777360009057_19f42m_image.jpg|1777360010657_ny6hb6_image.jpg|1777360013998_0vv1oq_image.jpg|1777360016097_ajpw3s_image.jpg|1777360018017_tx4itx_image.jpg|1777360021691_tuihsb_image.jpg"
"36.4714583","127.1438411","공주대학교 간호보건예술대학관","F","true","true","true","true","true","true","4","1","true","4층은 간호학과 전용층으로, 여자화장실 3개, 남자화장실 1개인데, 장애인화장실 없음(여자화장실은 확인 필요). 5층은 남자화장실 있음. 2층 장애인화장실 없음
모든 층에 승강기 o
1F - 전용 화장실 o
2F~5F - 편의시설 x","5F:6장 | 1F:7장 | 2F:0장 | 3F:0장 | 4F:0장","5F[IMG_5687.jpeg+IMG_5688.jpeg+IMG_5689.jpeg+IMG_5690.jpeg+IMG_5691.jpeg+IMG_5692.jpeg] | 1F[IMG_5693.jpeg+IMG_5694.jpeg+IMG_5695.jpeg+IMG_5696.jpeg+IMG_5697.jpeg+IMG_5698.jpeg+IMG_5699.jpeg] | 2F[] | 3F[] | 4F[]","[{""floor"":""5F"",""imageFiles"":[{""url"":""https://ghdcjmmxfeaedsspterz.supabase.co/storage/v1/object/public/barrier-images/barrier/1777360660729_fr1fng_IMG_5687.jpeg"",""name"":""1777360660729_fr1fng_IMG_5687.jpeg"",""path"":""barrier/1777360660729_fr1fng_IMG_5687.jpeg"",""type"":""image/jpeg"",""bucket"":""barrier-images"",""originalName"":""IMG_5687.jpeg""},{""url"":""https://ghdcjmmxfeaedsspterz.supabase.co/storage/v1/object/public/barrier-images/barrier/1777360669030_eua9v5_IMG_5688.jpeg"",""name"":""1777360669030_eua9v5_IMG_5688.jpeg"",""path"":""barrier/1777360669030_eua9v5_IMG_5688.jpeg"",""type"":""image/jpeg"",""bucket"":""barrier-images"",""originalName"":""IMG_5688.jpeg""},{""url"":""https://ghdcjmmxfeaedsspterz.supabase.co/storage/v1/object/public/barrier-images/barrier/1777360671508_eh3dv2_IMG_5689.jpeg"",""name"":""1777360671508_eh3dv2_IMG_5689.jpeg"",""path"":""barrier/1777360671508_eh3dv2_IMG_5689.jpeg"",""type"":""image/jpeg"",""bucket"":""barrier-images"",""originalName"":""IMG_5689.jpeg""},{""url"":""https://ghdcjmmxfeaedsspterz.supabase.co/storage/v1/object/public/barrier-images/barrier/1777360674706_hqpju0_IMG_5690.jpeg"",""name"":""1777360674706_hqpju0_IMG_5690.jpeg"",""path"":""barrier/1777360674706_hqpju0_IMG_5690.jpeg"",""type"":""image/jpeg"",""bucket"":""barrier-images"",""originalName"":""IMG_5690.jpeg""},{""url"":""https://ghdcjmmxfeaedsspterz.supabase.co/storage/v1/object/public/barrier-images/barrier/1777360678400_91hd6a_IMG_5691.jpeg"",""name"":""1777360678400_91hd6a_IMG_5691.jpeg"",""path"":""barrier/1777360678400_91hd6a_IMG_5691.jpeg"",""type"":""image/jpeg"",""bucket"":""barrier-images"",""originalName"":""IMG_5691.jpeg""},{""url"":""https://ghdcjmmxfeaedsspterz.supabase.co/storage/v1/object/public/barrier-images/barrier/1777360682713_kjt6ku_IMG_5692.jpeg"",""name"":""1777360682713_kjt6ku_IMG_5692.jpeg"",""path"":""barrier/1777360682713_kjt6ku_IMG_5692.jpeg"",""type"":""image/jpeg"",""bucket"":""barrier-images"",""originalName"":""IMG_5692.jpeg""}],""imageNames"":[""1777360660729_fr1fng_IMG_5687.jpeg"",""1777360669030_eua9v5_IMG_5688.jpeg"",""1777360671508_eh3dv2_IMG_5689.jpeg"",""1777360674706_hqpju0_IMG_5690.jpeg"",""1777360678400_91hd6a_IMG_5691.jpeg"",""1777360682713_kjt6ku_IMG_5692.jpeg""]},{""floor"":""1F"",""imageFiles"":[{""url"":""https://ghdcjmmxfeaedsspterz.supabase.co/storage/v1/object/public/barrier-images/barrier/1777361233914_tbvy23_IMG_5693.jpeg"",""name"":""1777361233914_tbvy23_IMG_5693.jpeg"",""path"":""barrier/1777361233914_tbvy23_IMG_5693.jpeg"",""type"":""image/jpeg"",""bucket"":""barrier-images"",""originalName"":""IMG_5693.jpeg""},{""url"":""https://ghdcjmmxfeaedsspterz.supabase.co/storage/v1/object/public/barrier-images/barrier/1777361237570_0po4s9_IMG_5694.jpeg"",""name"":""1777361237570_0po4s9_IMG_5694.jpeg"",""path"":""barrier/1777361237570_0po4s9_IMG_5694.jpeg"",""type"":""image/jpeg"",""bucket"":""barrier-images"",""originalName"":""IMG_5694.jpeg""},{""url"":""https://ghdcjmmxfeaedsspterz.supabase.co/storage/v1/object/public/barrier-images/barrier/1777361241061_ue4tys_IMG_5695.jpeg"",""name"":""1777361241061_ue4tys_IMG_5695.jpeg"",""path"":""barrier/1777361241061_ue4tys_IMG_5695.jpeg"",""type"":""image/jpeg"",""bucket"":""barrier-images"",""originalName"":""IMG_5695.jpeg""},{""url"":""https://ghdcjmmxfeaedsspterz.supabase.co/storage/v1/object/public/barrier-images/barrier/1777361242564_ap6iq2_IMG_5696.jpeg"",""name"":""1777361242564_ap6iq2_IMG_5696.jpeg"",""path"":""barrier/1777361242564_ap6iq2_IMG_5696.jpeg"",""type"":""image/jpeg"",""bucket"":""barrier-images"",""originalName"":""IMG_5696.jpeg""},{""url"":""https://ghdcjmmxfeaedsspterz.supabase.co/storage/v1/object/public/barrier-images/barrier/1777361245390_nwxpg3_IMG_5697.jpeg"",""name"":""1777361245390_nwxpg3_IMG_5697.jpeg"",""path"":""barrier/1777361245390_nwxpg3_IMG_5697.jpeg"",""type"":""image/jpeg"",""bucket"":""barrier-images"",""originalName"":""IMG_5697.jpeg""},{""url"":""https://ghdcjmmxfeaedsspterz.supabase.co/storage/v1/object/public/barrier-images/barrier/1777361247389_ojzorx_IMG_5698.jpeg"",""name"":""1777361247389_ojzorx_IMG_5698.jpeg"",""path"":""barrier/1777361247389_ojzorx_IMG_5698.jpeg"",""type"":""image/jpeg"",""bucket"":""barrier-images"",""originalName"":""IMG_5698.jpeg""},{""url"":""https://ghdcjmmxfeaedsspterz.supabase.co/storage/v1/object/public/barrier-images/barrier/1777361249552_lw405n_IMG_5699.jpeg"",""name"":""1777361249552_lw405n_IMG_5699.jpeg"",""path"":""barrier/1777361249552_lw405n_IMG_5699.jpeg"",""type"":""image/jpeg"",""bucket"":""barrier-images"",""originalName"":""IMG_5699.jpeg""}],""imageNames"":[""1777361233914_tbvy23_IMG_5693.jpeg"",""1777361237570_0po4s9_IMG_5694.jpeg"",""1777361241061_ue4tys_IMG_5695.jpeg"",""1777361242564_ap6iq2_IMG_5696.jpeg"",""1777361245390_nwxpg3_IMG_5697.jpeg"",""1777361247389_ojzorx_IMG_5698.jpeg"",""1777361249552_lw405n_IMG_5699.jpeg""]},{""floor"":""2F"",""imageFiles"":[],""imageNames"":[]},{""floor"":""3F"",""imageFiles"":[],""imageNames"":[]},{""floor"":""4F"",""imageFiles"":[],""imageNames"":[]}]","1777360660729_fr1fng_IMG_5687.jpeg|1777360669030_eua9v5_IMG_5688.jpeg|1777360671508_eh3dv2_IMG_5689.jpeg|1777360674706_hqpju0_IMG_5690.jpeg|1777360678400_91hd6a_IMG_5691.jpeg|1777360682713_kjt6ku_IMG_5692.jpeg|1777361233914_tbvy23_IMG_5693.jpeg|1777361237570_0po4s9_IMG_5694.jpeg|1777361241061_ue4tys_IMG_5695.jpeg|1777361242564_ap6iq2_IMG_5696.jpeg|1777361245390_nwxpg3_IMG_5697.jpeg|1777361247389_ojzorx_IMG_5698.jpeg|1777361249552_lw405n_IMG_5699.jpeg"
"36.4717586","127.1425547","공주대학교 사범2호관","8F","true","true","false","true","true","false","2","10","true","모든 층에 승강기 o
1F - 전용 화장실 o
2F~8F 편의시설 x","1F:4장 | 2F:0장 | 3F:0장 | 4F:0장 | 5F:0장 | 6F:0장 | 7F:0장 | 8F:0장","1F[image.jpg+image.jpg+image.jpg+image.jpg] | 2F[] | 3F[] | 4F[] | 5F[] | 6F[] | 7F[] | 8F[]","[{""floor"":""1F"",""imageFiles"":[{""url"":""https://ghdcjmmxfeaedsspterz.supabase.co/storage/v1/object/public/barrier-images/barrier/1777361692185_6f51wb_image.jpg"",""name"":""1777361692185_6f51wb_image.jpg"",""path"":""barrier/1777361692185_6f51wb_image.jpg"",""type"":""image/jpeg"",""bucket"":""barrier-images"",""originalName"":""image.jpg""},{""url"":""https://ghdcjmmxfeaedsspterz.supabase.co/storage/v1/object/public/barrier-images/barrier/1777361696253_oohorl_image.jpg"",""name"":""1777361696253_oohorl_image.jpg"",""path"":""barrier/1777361696253_oohorl_image.jpg"",""type"":""image/jpeg"",""bucket"":""barrier-images"",""originalName"":""image.jpg""},{""url"":""https://ghdcjmmxfeaedsspterz.supabase.co/storage/v1/object/public/barrier-images/barrier/1777361698811_ojkkss_image.jpg"",""name"":""1777361698811_ojkkss_image.jpg"",""path"":""barrier/1777361698811_ojkkss_image.jpg"",""type"":""image/jpeg"",""bucket"":""barrier-images"",""originalName"":""image.jpg""},{""url"":""https://ghdcjmmxfeaedsspterz.supabase.co/storage/v1/object/public/barrier-images/barrier/1777361701525_669ojy_image.jpg"",""name"":""1777361701525_669ojy_image.jpg"",""path"":""barrier/1777361701525_669ojy_image.jpg"",""type"":""image/jpeg"",""bucket"":""barrier-images"",""originalName"":""image.jpg""}],""imageNames"":[""1777361692185_6f51wb_image.jpg"",""1777361696253_oohorl_image.jpg"",""1777361698811_ojkkss_image.jpg"",""1777361701525_669ojy_image.jpg""]},{""floor"":""2F"",""imageFiles"":[],""imageNames"":[]},{""floor"":""3F"",""imageFiles"":[],""imageNames"":[]},{""floor"":""4F"",""imageFiles"":[],""imageNames"":[]},{""floor"":""5F"",""imageFiles"":[],""imageNames"":[]},{""floor"":""6F"",""imageFiles"":[],""imageNames"":[]},{""floor"":""7F"",""imageFiles"":[],""imageNames"":[]},{""floor"":""8F"",""imageFiles"":[],""imageNames"":[]}]","1777361692185_6f51wb_image.jpg|1777361696253_oohorl_image.jpg|1777361698811_ojkkss_image.jpg|1777361701525_669ojy_image.jpg"
"36.4704144","127.1409296","공주대학교 미래융합역사문화관","4F","true","true","true","true","true","false","1","1","true","모든 층에 승강기 o
모든 층에 전용 화장실 o
B1, 2F - 점자 안내표 o","2F:6장 | 1F:0장 | B1:0장 | 3F:0장 | 4F:0장","2F[IMG_5708.jpeg+IMG_5709.jpeg+IMG_5710.jpeg+IMG_5707.jpeg+IMG_5711.jpeg+IMG_5712.jpeg] | 1F[] | B1[] | 3F[] | 4F[]","[{""floor"":""2F"",""imageFiles"":[{""url"":""https://ghdcjmmxfeaedsspterz.supabase.co/storage/v1/object/public/barrier-images/barrier/1777362218927_5nb4n2_IMG_5708.jpeg"",""name"":""1777362218927_5nb4n2_IMG_5708.jpeg"",""path"":""barrier/1777362218927_5nb4n2_IMG_5708.jpeg"",""type"":""image/jpeg"",""bucket"":""barrier-images"",""originalName"":""IMG_5708.jpeg""},{""url"":""https://ghdcjmmxfeaedsspterz.supabase.co/storage/v1/object/public/barrier-images/barrier/1777362228921_eot91c_IMG_5709.jpeg"",""name"":""1777362228921_eot91c_IMG_5709.jpeg"",""path"":""barrier/1777362228921_eot91c_IMG_5709.jpeg"",""type"":""image/jpeg"",""bucket"":""barrier-images"",""originalName"":""IMG_5709.jpeg""},{""url"":""https://ghdcjmmxfeaedsspterz.supabase.co/storage/v1/object/public/barrier-images/barrier/1777362231960_s3s93a_IMG_5710.jpeg"",""name"":""1777362231960_s3s93a_IMG_5710.jpeg"",""path"":""barrier/1777362231960_s3s93a_IMG_5710.jpeg"",""type"":""image/jpeg"",""bucket"":""barrier-images"",""originalName"":""IMG_5710.jpeg""},{""url"":""https://ghdcjmmxfeaedsspterz.supabase.co/storage/v1/object/public/barrier-images/barrier/1777362234863_ngz3vx_IMG_5707.jpeg"",""name"":""1777362234863_ngz3vx_IMG_5707.jpeg"",""path"":""barrier/1777362234863_ngz3vx_IMG_5707.jpeg"",""type"":""image/jpeg"",""bucket"":""barrier-images"",""originalName"":""IMG_5707.jpeg""},{""url"":""https://ghdcjmmxfeaedsspterz.supabase.co/storage/v1/object/public/barrier-images/barrier/1777362236410_khveib_IMG_5711.jpeg"",""name"":""1777362236410_khveib_IMG_5711.jpeg"",""path"":""barrier/1777362236410_khveib_IMG_5711.jpeg"",""type"":""image/jpeg"",""bucket"":""barrier-images"",""originalName"":""IMG_5711.jpeg""},{""url"":""https://ghdcjmmxfeaedsspterz.supabase.co/storage/v1/object/public/barrier-images/barrier/1777362238825_q1ij64_IMG_5712.jpeg"",""name"":""1777362238825_q1ij64_IMG_5712.jpeg"",""path"":""barrier/1777362238825_q1ij64_IMG_5712.jpeg"",""type"":""image/jpeg"",""bucket"":""barrier-images"",""originalName"":""IMG_5712.jpeg""}],""imageNames"":[""1777362218927_5nb4n2_IMG_5708.jpeg"",""1777362228921_eot91c_IMG_5709.jpeg"",""1777362231960_s3s93a_IMG_5710.jpeg"",""1777362234863_ngz3vx_IMG_5707.jpeg"",""1777362236410_khveib_IMG_5711.jpeg"",""1777362238825_q1ij64_IMG_5712.jpeg""]},{""floor"":""1F"",""imageFiles"":[],""imageNames"":[]},{""floor"":""B1"",""imageFiles"":[],""imageNames"":[]},{""floor"":""3F"",""imageFiles"":[],""imageNames"":[]},{""floor"":""4F"",""imageFiles"":[],""imageNames"":[]}]","1777362218927_5nb4n2_IMG_5708.jpeg|1777362228921_eot91c_IMG_5709.jpeg|1777362231960_s3s93a_IMG_5710.jpeg|1777362234863_ngz3vx_IMG_5707.jpeg|1777362236410_khveib_IMG_5711.jpeg|1777362238825_q1ij64_IMG_5712.jpeg"
"36.4698556","127.1394616","공주대학교 웅비학생회관","3F","true","true","true","true","true","false","1","33","true","모든 층에 승강기 o
1F - 출입구 앞에 경사로와 자동문이 있음/장애인 화장실 있음/전용 주차장 1개 있음
2F - 건물과 건물 사이를 오가는 모든 문이 여닫이문/나가는 곳에 경사로 없음
3F - 나갈 수 있는 모든 문이 여닫이문/장애인 경사로 존재
4F -
5F -","1F:6장 | 2F:3장 | 3F:2장","1F[IMG_4566.jpeg+IMG_4567.jpeg+IMG_4568.jpeg+IMG_4571.jpeg+IMG_4572.jpeg+IMG_4574.jpeg] | 2F[IMG_4578.jpeg+IMG_4579.jpeg+IMG_4580.jpeg] | 3F[IMG_4575.jpeg+IMG_4577.jpeg]","[{""floor"":""1F"",""imageFiles"":[{""url"":""https://ghdcjmmxfeaedsspterz.supabase.co/storage/v1/object/public/barrier-images/barrier/1777427097819_4w5g4w_IMG_4566.jpeg"",""name"":""1777427097819_4w5g4w_IMG_4566.jpeg"",""path"":""barrier/1777427097819_4w5g4w_IMG_4566.jpeg"",""type"":""image/jpeg"",""bucket"":""barrier-images"",""originalName"":""IMG_4566.jpeg""},{""url"":""https://ghdcjmmxfeaedsspterz.supabase.co/storage/v1/object/public/barrier-images/barrier/1777427101910_7s81j0_IMG_4567.jpeg"",""name"":""1777427101910_7s81j0_IMG_4567.jpeg"",""path"":""barrier/1777427101910_7s81j0_IMG_4567.jpeg"",""type"":""image/jpeg"",""bucket"":""barrier-images"",""originalName"":""IMG_4567.jpeg""},{""url"":""https://ghdcjmmxfeaedsspterz.supabase.co/storage/v1/object/public/barrier-images/barrier/1777427105715_bekyx9_IMG_4568.jpeg"",""name"":""1777427105715_bekyx9_IMG_4568.jpeg"",""path"":""barrier/1777427105715_bekyx9_IMG_4568.jpeg"",""type"":""image/jpeg"",""bucket"":""barrier-images"",""originalName"":""IMG_4568.jpeg""},{""url"":""https://ghdcjmmxfeaedsspterz.supabase.co/storage/v1/object/public/barrier-images/barrier/1777427108258_mmbhbh_IMG_4571.jpeg"",""name"":""1777427108258_mmbhbh_IMG_4571.jpeg"",""path"":""barrier/1777427108258_mmbhbh_IMG_4571.jpeg"",""type"":""image/jpeg"",""bucket"":""barrier-images"",""originalName"":""IMG_4571.jpeg""},{""url"":""https://ghdcjmmxfeaedsspterz.supabase.co/storage/v1/object/public/barrier-images/barrier/1777427110496_hzsvlb_IMG_4572.jpeg"",""name"":""1777427110496_hzsvlb_IMG_4572.jpeg"",""path"":""barrier/1777427110496_hzsvlb_IMG_4572.jpeg"",""type"":""image/jpeg"",""bucket"":""barrier-images"",""originalName"":""IMG_4572.jpeg""},{""url"":""https://ghdcjmmxfeaedsspterz.supabase.co/storage/v1/object/public/barrier-images/barrier/1777427112441_uw3u5q_IMG_4574.jpeg"",""name"":""1777427112441_uw3u5q_IMG_4574.jpeg"",""path"":""barrier/1777427112441_uw3u5q_IMG_4574.jpeg"",""type"":""image/jpeg"",""bucket"":""barrier-images"",""originalName"":""IMG_4574.jpeg""}],""imageNames"":[""1777427097819_4w5g4w_IMG_4566.jpeg"",""1777427101910_7s81j0_IMG_4567.jpeg"",""1777427105715_bekyx9_IMG_4568.jpeg"",""1777427108258_mmbhbh_IMG_4571.jpeg"",""1777427110496_hzsvlb_IMG_4572.jpeg"",""1777427112441_uw3u5q_IMG_4574.jpeg""]},{""floor"":""2F"",""imageFiles"":[{""url"":""https://ghdcjmmxfeaedsspterz.supabase.co/storage/v1/object/public/barrier-images/barrier/1777427116600_8zperv_IMG_4578.jpeg"",""name"":""1777427116600_8zperv_IMG_4578.jpeg"",""path"":""barrier/1777427116600_8zperv_IMG_4578.jpeg"",""type"":""image/jpeg"",""bucket"":""barrier-images"",""originalName"":""IMG_4578.jpeg""},{""url"":""https://ghdcjmmxfeaedsspterz.supabase.co/storage/v1/object/public/barrier-images/barrier/1777427120843_tpvym8_IMG_4579.jpeg"",""name"":""1777427120843_tpvym8_IMG_4579.jpeg"",""path"":""barrier/1777427120843_tpvym8_IMG_4579.jpeg"",""type"":""image/jpeg"",""bucket"":""barrier-images"",""originalName"":""IMG_4579.jpeg""},{""url"":""https://ghdcjmmxfeaedsspterz.supabase.co/storage/v1/object/public/barrier-images/barrier/1777427124777_ocloq5_IMG_4580.jpeg"",""name"":""1777427124777_ocloq5_IMG_4580.jpeg"",""path"":""barrier/1777427124777_ocloq5_IMG_4580.jpeg"",""type"":""image/jpeg"",""bucket"":""barrier-images"",""originalName"":""IMG_4580.jpeg""}],""imageNames"":[""1777427116600_8zperv_IMG_4578.jpeg"",""1777427120843_tpvym8_IMG_4579.jpeg"",""1777427124777_ocloq5_IMG_4580.jpeg""]},{""floor"":""3F"",""imageFiles"":[{""url"":""https://ghdcjmmxfeaedsspterz.supabase.co/storage/v1/object/public/barrier-images/barrier/1777427129287_shudco_IMG_4575.jpeg"",""name"":""1777427129287_shudco_IMG_4575.jpeg"",""path"":""barrier/1777427129287_shudco_IMG_4575.jpeg"",""type"":""image/jpeg"",""bucket"":""barrier-images"",""originalName"":""IMG_4575.jpeg""},{""url"":""https://ghdcjmmxfeaedsspterz.supabase.co/storage/v1/object/public/barrier-images/barrier/1777427138702_ql726m_IMG_4577.jpeg"",""name"":""1777427138702_ql726m_IMG_4577.jpeg"",""path"":""barrier/1777427138702_ql726m_IMG_4577.jpeg"",""type"":""image/jpeg"",""bucket"":""barrier-images"",""originalName"":""IMG_4577.jpeg""}],""imageNames"":[""1777427129287_shudco_IMG_4575.jpeg"",""1777427138702_ql726m_IMG_4577.jpeg""]}]","1777427097819_4w5g4w_IMG_4566.jpeg|1777427101910_7s81j0_IMG_4567.jpeg|1777427105715_bekyx9_IMG_4568.jpeg|1777427108258_mmbhbh_IMG_4571.jpeg|1777427110496_hzsvlb_IMG_4572.jpeg|1777427112441_uw3u5q_IMG_4574.jpeg|1777427116600_8zperv_IMG_4578.jpeg|1777427120843_tpvym8_IMG_4579.jpeg|1777427124777_ocloq5_IMG_4580.jpeg|1777427129287_shudco_IMG_4575.jpeg|1777427138702_ql726m_IMG_4577.jpeg"
"36.4704158","127.1394742","공주대학교 생활미술관","3F","true","false","false","false","false","false","1","10","true","모든 층에 승강기 x
모든 층에 장애인 화장실x
1F - 출입구 앞에 경사로 있음/출입구에 자동문 없음/전용 주차장 1개 있음
2F - 
3F - 미술 작품이 복도에 세워져 있어 다니기 좋지 않음/나가는 문이 여닫이 문으로 되어있음","1F:4장 | 3F:1장","1F[IMG_4583.jpeg+IMG_4584.jpeg+IMG_4585.jpeg+IMG_4586.jpeg] | 3F[IMG_4587.jpeg]","[{""floor"":""1F"",""imageFiles"":[{""url"":""https://ghdcjmmxfeaedsspterz.supabase.co/storage/v1/object/public/barrier-images/barrier/1777428350991_obws23_IMG_4583.jpeg"",""name"":""1777428350991_obws23_IMG_4583.jpeg"",""path"":""barrier/1777428350991_obws23_IMG_4583.jpeg"",""type"":""image/jpeg"",""bucket"":""barrier-images"",""originalName"":""IMG_4583.jpeg""},{""url"":""https://ghdcjmmxfeaedsspterz.supabase.co/storage/v1/object/public/barrier-images/barrier/1777428357790_ohsln0_IMG_4584.jpeg"",""name"":""1777428357790_ohsln0_IMG_4584.jpeg"",""path"":""barrier/1777428357790_ohsln0_IMG_4584.jpeg"",""type"":""image/jpeg"",""bucket"":""barrier-images"",""originalName"":""IMG_4584.jpeg""},{""url"":""https://ghdcjmmxfeaedsspterz.supabase.co/storage/v1/object/public/barrier-images/barrier/1777428362763_kietw4_IMG_4585.jpeg"",""name"":""1777428362763_kietw4_IMG_4585.jpeg"",""path"":""barrier/1777428362763_kietw4_IMG_4585.jpeg"",""type"":""image/jpeg"",""bucket"":""barrier-images"",""originalName"":""IMG_4585.jpeg""},{""url"":""https://ghdcjmmxfeaedsspterz.supabase.co/storage/v1/object/public/barrier-images/barrier/1777428367628_irhcfl_IMG_4586.jpeg"",""name"":""1777428367628_irhcfl_IMG_4586.jpeg"",""path"":""barrier/1777428367628_irhcfl_IMG_4586.jpeg"",""type"":""image/jpeg"",""bucket"":""barrier-images"",""originalName"":""IMG_4586.jpeg""}],""imageNames"":[""1777428350991_obws23_IMG_4583.jpeg"",""1777428357790_ohsln0_IMG_4584.jpeg"",""1777428362763_kietw4_IMG_4585.jpeg"",""1777428367628_irhcfl_IMG_4586.jpeg""]},{""floor"":""3F"",""imageFiles"":[{""url"":""https://ghdcjmmxfeaedsspterz.supabase.co/storage/v1/object/public/barrier-images/barrier/1777428371278_d7huvd_IMG_4587.jpeg"",""name"":""1777428371278_d7huvd_IMG_4587.jpeg"",""path"":""barrier/1777428371278_d7huvd_IMG_4587.jpeg"",""type"":""image/jpeg"",""bucket"":""barrier-images"",""originalName"":""IMG_4587.jpeg""}],""imageNames"":[""1777428371278_d7huvd_IMG_4587.jpeg""]}]","1777428350991_obws23_IMG_4583.jpeg|1777428357790_ohsln0_IMG_4584.jpeg|1777428362763_kietw4_IMG_4585.jpeg|1777428367628_irhcfl_IMG_4586.jpeg|1777428371278_d7huvd_IMG_4587.jpeg"
"36.4694148","127.1394422","공주대학교 교양관","2F","true","true","false","false","false","false","1","6","true","모든 층에 승강기 o
모든 층에 장애인 화장실 x
1F - 출입구 앞에 경사로 있음. 그러나 메인 출입구 앞에는 경사로 없음/출입구에 자동문 없음/전용 주차장 1개 있음
2F - 
3F -","1F:6장 | 2F:1장","1F[IMG_4574.jpeg+IMG_4588.jpeg+IMG_4589.jpeg+IMG_4590.jpeg+IMG_4591.jpeg+IMG_4594.jpeg] | 2F[IMG_4596.jpeg]","[{""floor"":""1F"",""imageFiles"":[{""url"":""https://ghdcjmmxfeaedsspterz.supabase.co/storage/v1/object/public/barrier-images/barrier/1777430094869_f05m7u_IMG_4574.jpeg"",""name"":""1777430094869_f05m7u_IMG_4574.jpeg"",""path"":""barrier/1777430094869_f05m7u_IMG_4574.jpeg"",""type"":""image/jpeg"",""bucket"":""barrier-images"",""originalName"":""IMG_4574.jpeg""},{""url"":""https://ghdcjmmxfeaedsspterz.supabase.co/storage/v1/object/public/barrier-images/barrier/1777430098982_bki0e7_IMG_4588.jpeg"",""name"":""1777430098982_bki0e7_IMG_4588.jpeg"",""path"":""barrier/1777430098982_bki0e7_IMG_4588.jpeg"",""type"":""image/jpeg"",""bucket"":""barrier-images"",""originalName"":""IMG_4588.jpeg""},{""url"":""https://ghdcjmmxfeaedsspterz.supabase.co/storage/v1/object/public/barrier-images/barrier/1777430101383_wbdy6y_IMG_4589.jpeg"",""name"":""1777430101383_wbdy6y_IMG_4589.jpeg"",""path"":""barrier/1777430101383_wbdy6y_IMG_4589.jpeg"",""type"":""image/jpeg"",""bucket"":""barrier-images"",""originalName"":""IMG_4589.jpeg""},{""url"":""https://ghdcjmmxfeaedsspterz.supabase.co/storage/v1/object/public/barrier-images/barrier/1777430102823_vsp103_IMG_4590.jpeg"",""name"":""1777430102823_vsp103_IMG_4590.jpeg"",""path"":""barrier/1777430102823_vsp103_IMG_4590.jpeg"",""type"":""image/jpeg"",""bucket"":""barrier-images"",""originalName"":""IMG_4590.jpeg""},{""url"":""https://ghdcjmmxfeaedsspterz.supabase.co/storage/v1/object/public/barrier-images/barrier/1777430105382_4ybqay_IMG_4591.jpeg"",""name"":""1777430105382_4ybqay_IMG_4591.jpeg"",""path"":""barrier/1777430105382_4ybqay_IMG_4591.jpeg"",""type"":""image/jpeg"",""bucket"":""barrier-images"",""originalName"":""IMG_4591.jpeg""},{""url"":""https://ghdcjmmxfeaedsspterz.supabase.co/storage/v1/object/public/barrier-images/barrier/1777430107617_uiezon_IMG_4594.jpeg"",""name"":""1777430107617_uiezon_IMG_4594.jpeg"",""path"":""barrier/1777430107617_uiezon_IMG_4594.jpeg"",""type"":""image/jpeg"",""bucket"":""barrier-images"",""originalName"":""IMG_4594.jpeg""}],""imageNames"":[""1777430094869_f05m7u_IMG_4574.jpeg"",""1777430098982_bki0e7_IMG_4588.jpeg"",""1777430101383_wbdy6y_IMG_4589.jpeg"",""1777430102823_vsp103_IMG_4590.jpeg"",""1777430105382_4ybqay_IMG_4591.jpeg"",""1777430107617_uiezon_IMG_4594.jpeg""]},{""floor"":""2F"",""imageFiles"":[{""url"":""https://ghdcjmmxfeaedsspterz.supabase.co/storage/v1/object/public/barrier-images/barrier/1777430109149_zqzcst_IMG_4596.jpeg"",""name"":""1777430109149_zqzcst_IMG_4596.jpeg"",""path"":""barrier/1777430109149_zqzcst_IMG_4596.jpeg"",""type"":""image/jpeg"",""bucket"":""barrier-images"",""originalName"":""IMG_4596.jpeg""}],""imageNames"":[""1777430109149_zqzcst_IMG_4596.jpeg""]}]","1777430094869_f05m7u_IMG_4574.jpeg|1777430098982_bki0e7_IMG_4588.jpeg|1777430101383_wbdy6y_IMG_4589.jpeg|1777430102823_vsp103_IMG_4590.jpeg|1777430105382_4ybqay_IMG_4591.jpeg|1777430107617_uiezon_IMG_4594.jpeg|1777430109149_zqzcst_IMG_4596.jpeg"
"36.4705661","127.1401945","공주대학교 글로벌인재관","1F","true","false","false","false","true","false","1","5","false","출입구 경사로의 경사가 가파름
자동문o, 장애인 화장실x, 엘리베이터x
지하 및 2층의 출입 제한으로 인한 수집 자료 부족","1F:4장","1F[1000013657.jpg+1000013658.jpg+1000013660.jpg+1000013661.jpg]","[{""floor"":""1F"",""imageFiles"":[{""url"":""https://ghdcjmmxfeaedsspterz.supabase.co/storage/v1/object/public/barrier-images/barrier/1777451432171_kgdhb0_1000013657.jpg"",""name"":""1777451432171_kgdhb0_1000013657.jpg"",""path"":""barrier/1777451432171_kgdhb0_1000013657.jpg"",""type"":""image/jpeg"",""bucket"":""barrier-images"",""originalName"":""1000013657.jpg""},{""url"":""https://ghdcjmmxfeaedsspterz.supabase.co/storage/v1/object/public/barrier-images/barrier/1777451435581_sbve3y_1000013658.jpg"",""name"":""1777451435581_sbve3y_1000013658.jpg"",""path"":""barrier/1777451435581_sbve3y_1000013658.jpg"",""type"":""image/jpeg"",""bucket"":""barrier-images"",""originalName"":""1000013658.jpg""},{""url"":""https://ghdcjmmxfeaedsspterz.supabase.co/storage/v1/object/public/barrier-images/barrier/1777451439084_6bq5uo_1000013660.jpg"",""name"":""1777451439084_6bq5uo_1000013660.jpg"",""path"":""barrier/1777451439084_6bq5uo_1000013660.jpg"",""type"":""image/jpeg"",""bucket"":""barrier-images"",""originalName"":""1000013660.jpg""},{""url"":""https://ghdcjmmxfeaedsspterz.supabase.co/storage/v1/object/public/barrier-images/barrier/1777451442607_qrwjvx_1000013661.jpg"",""name"":""1777451442607_qrwjvx_1000013661.jpg"",""path"":""barrier/1777451442607_qrwjvx_1000013661.jpg"",""type"":""image/jpeg"",""bucket"":""barrier-images"",""originalName"":""1000013661.jpg""}],""imageNames"":[""1777451432171_kgdhb0_1000013657.jpg"",""1777451435581_sbve3y_1000013658.jpg"",""1777451439084_6bq5uo_1000013660.jpg"",""1777451442607_qrwjvx_1000013661.jpg""]}]","1777451432171_kgdhb0_1000013657.jpg|1777451435581_sbve3y_1000013658.jpg|1777451439084_6bq5uo_1000013660.jpg|1777451442607_qrwjvx_1000013661.jpg"
"36.4701943","127.1402067","공주대학교 학생복지관","2F","true","false","false","false","true","false","1","50","false","출입구 경사로 경사가 가파름
엘리베이터x, 장애인 화장실x","1F:4장 | 2F:1장","1F[1000013668.jpg+1000013663.jpg+1000013664.jpg+1000013666.jpg] | 2F[1000013665.jpg]","[{""floor"":""1F"",""imageFiles"":[{""url"":""https://ghdcjmmxfeaedsspterz.supabase.co/storage/v1/object/public/barrier-images/barrier/1777452099473_229uqk_1000013668.jpg"",""name"":""1777452099473_229uqk_1000013668.jpg"",""path"":""barrier/1777452099473_229uqk_1000013668.jpg"",""type"":""image/jpeg"",""bucket"":""barrier-images"",""originalName"":""1000013668.jpg""},{""url"":""https://ghdcjmmxfeaedsspterz.supabase.co/storage/v1/object/public/barrier-images/barrier/1777452104051_kgr1f6_1000013663.jpg"",""name"":""1777452104051_kgr1f6_1000013663.jpg"",""path"":""barrier/1777452104051_kgr1f6_1000013663.jpg"",""type"":""image/jpeg"",""bucket"":""barrier-images"",""originalName"":""1000013663.jpg""},{""url"":""https://ghdcjmmxfeaedsspterz.supabase.co/storage/v1/object/public/barrier-images/barrier/1777452106295_ixu1vn_1000013664.jpg"",""name"":""1777452106295_ixu1vn_1000013664.jpg"",""path"":""barrier/1777452106295_ixu1vn_1000013664.jpg"",""type"":""image/jpeg"",""bucket"":""barrier-images"",""originalName"":""1000013664.jpg""},{""url"":""https://ghdcjmmxfeaedsspterz.supabase.co/storage/v1/object/public/barrier-images/barrier/1777452109503_0gqqvy_1000013666.jpg"",""name"":""1777452109503_0gqqvy_1000013666.jpg"",""path"":""barrier/1777452109503_0gqqvy_1000013666.jpg"",""type"":""image/jpeg"",""bucket"":""barrier-images"",""originalName"":""1000013666.jpg""}],""imageNames"":[""1777452099473_229uqk_1000013668.jpg"",""1777452104051_kgr1f6_1000013663.jpg"",""1777452106295_ixu1vn_1000013664.jpg"",""1777452109503_0gqqvy_1000013666.jpg""]},{""floor"":""2F"",""imageFiles"":[{""url"":""https://ghdcjmmxfeaedsspterz.supabase.co/storage/v1/object/public/barrier-images/barrier/1777452111400_73ect9_1000013665.jpg"",""name"":""1777452111400_73ect9_1000013665.jpg"",""path"":""barrier/1777452111400_73ect9_1000013665.jpg"",""type"":""image/jpeg"",""bucket"":""barrier-images"",""originalName"":""1000013665.jpg""}],""imageNames"":[""1777452111400_73ect9_1000013665.jpg""]}]","1777452099473_229uqk_1000013668.jpg|1777452104051_kgr1f6_1000013663.jpg|1777452106295_ixu1vn_1000013664.jpg|1777452109503_0gqqvy_1000013666.jpg|1777452111400_73ect9_1000013665.jpg"
"36.4697079","127.1400534","공주대학교 신관캠퍼스박물관","1F","true","false","false","false","false","false","0","50","false","출입구 경사로의 폭이 좁음
현재 출입 불가로 인해 자료 수집 제한","1F:3장","1F[1000013670.jpg+1000013669.jpg+1000013671.jpg]","[{""floor"":""1F"",""imageFiles"":[{""url"":""https://ghdcjmmxfeaedsspterz.supabase.co/storage/v1/object/public/barrier-images/barrier/1777452456576_wghy9r_1000013670.jpg"",""name"":""1777452456576_wghy9r_1000013670.jpg"",""path"":""barrier/1777452456576_wghy9r_1000013670.jpg"",""type"":""image/jpeg"",""bucket"":""barrier-images"",""originalName"":""1000013670.jpg""},{""url"":""https://ghdcjmmxfeaedsspterz.supabase.co/storage/v1/object/public/barrier-images/barrier/1777452460761_5a0zp2_1000013669.jpg"",""name"":""1777452460761_5a0zp2_1000013669.jpg"",""path"":""barrier/1777452460761_5a0zp2_1000013669.jpg"",""type"":""image/jpeg"",""bucket"":""barrier-images"",""originalName"":""1000013669.jpg""},{""url"":""https://ghdcjmmxfeaedsspterz.supabase.co/storage/v1/object/public/barrier-images/barrier/1777452463648_6nqjn6_1000013671.jpg"",""name"":""1777452463648_6nqjn6_1000013671.jpg"",""path"":""barrier/1777452463648_6nqjn6_1000013671.jpg"",""type"":""image/jpeg"",""bucket"":""barrier-images"",""originalName"":""1000013671.jpg""}],""imageNames"":[""1777452456576_wghy9r_1000013670.jpg"",""1777452460761_5a0zp2_1000013669.jpg"",""1777452463648_6nqjn6_1000013671.jpg""]}]","1777452456576_wghy9r_1000013670.jpg|1777452460761_5a0zp2_1000013669.jpg|1777452463648_6nqjn6_1000013671.jpg"
"36.4656881","127.1369185","공주대학교 국민체육센터","1F","true","true","false","false","true","true","6","5","false","출입구 경사로의 폭이 좁고 경사로 끝에 작은 턱이 있음
승강기o, 장애인 화장실x
장애인 주차구역이 건물입구 바로 앞에 3대 있으며 옆쪽의 주차장에도 3대 있음(입구와 20m 정도 떨어져있음)","1F:7장","1F[1000013673.jpg+1000013674.jpg+1000013675.jpg+1000013677.jpg+1000013678.jpg+1000013679.jpg+1000013680.jpg]","[{""floor"":""1F"",""imageFiles"":[{""url"":""https://ghdcjmmxfeaedsspterz.supabase.co/storage/v1/object/public/barrier-images/barrier/1777454476359_sc3ikq_1000013673.jpg"",""name"":""1777454476359_sc3ikq_1000013673.jpg"",""path"":""barrier/1777454476359_sc3ikq_1000013673.jpg"",""type"":""image/jpeg"",""bucket"":""barrier-images"",""originalName"":""1000013673.jpg""},{""url"":""https://ghdcjmmxfeaedsspterz.supabase.co/storage/v1/object/public/barrier-images/barrier/1777454479078_i6yxxs_1000013674.jpg"",""name"":""1777454479078_i6yxxs_1000013674.jpg"",""path"":""barrier/1777454479078_i6yxxs_1000013674.jpg"",""type"":""image/jpeg"",""bucket"":""barrier-images"",""originalName"":""1000013674.jpg""},{""url"":""https://ghdcjmmxfeaedsspterz.supabase.co/storage/v1/object/public/barrier-images/barrier/1777454481957_ejuhzf_1000013675.jpg"",""name"":""1777454481957_ejuhzf_1000013675.jpg"",""path"":""barrier/1777454481957_ejuhzf_1000013675.jpg"",""type"":""image/jpeg"",""bucket"":""barrier-images"",""originalName"":""1000013675.jpg""},{""url"":""https://ghdcjmmxfeaedsspterz.supabase.co/storage/v1/object/public/barrier-images/barrier/1777454484415_l1lzqf_1000013677.jpg"",""name"":""1777454484415_l1lzqf_1000013677.jpg"",""path"":""barrier/1777454484415_l1lzqf_1000013677.jpg"",""type"":""image/jpeg"",""bucket"":""barrier-images"",""originalName"":""1000013677.jpg""},{""url"":""https://ghdcjmmxfeaedsspterz.supabase.co/storage/v1/object/public/barrier-images/barrier/1777454488042_wn57zk_1000013678.jpg"",""name"":""1777454488042_wn57zk_1000013678.jpg"",""path"":""barrier/1777454488042_wn57zk_1000013678.jpg"",""type"":""image/jpeg"",""bucket"":""barrier-images"",""originalName"":""1000013678.jpg""},{""url"":""https://ghdcjmmxfeaedsspterz.supabase.co/storage/v1/object/public/barrier-images/barrier/1777454490363_09wy7e_1000013679.jpg"",""name"":""1777454490363_09wy7e_1000013679.jpg"",""path"":""barrier/1777454490363_09wy7e_1000013679.jpg"",""type"":""image/jpeg"",""bucket"":""barrier-images"",""originalName"":""1000013679.jpg""},{""url"":""https://ghdcjmmxfeaedsspterz.supabase.co/storage/v1/object/public/barrier-images/barrier/1777454492834_ha3uvm_1000013680.jpg"",""name"":""1777454492834_ha3uvm_1000013680.jpg"",""path"":""barrier/1777454492834_ha3uvm_1000013680.jpg"",""type"":""image/jpeg"",""bucket"":""barrier-images"",""originalName"":""1000013680.jpg""}],""imageNames"":[""1777454476359_sc3ikq_1000013673.jpg"",""1777454479078_i6yxxs_1000013674.jpg"",""1777454481957_ejuhzf_1000013675.jpg"",""1777454484415_l1lzqf_1000013677.jpg"",""1777454488042_wn57zk_1000013678.jpg"",""1777454490363_09wy7e_1000013679.jpg"",""1777454492834_ha3uvm_1000013680.jpg""]}]","1777454476359_sc3ikq_1000013673.jpg|1777454479078_i6yxxs_1000013674.jpg|1777454481957_ejuhzf_1000013675.jpg|1777454484415_l1lzqf_1000013677.jpg|1777454488042_wn57zk_1000013678.jpg|1777454490363_09wy7e_1000013679.jpg|1777454492834_ha3uvm_1000013680.jpg"
"36.4655506","127.1395665","공주대학교 공주학연구원","2F","true","false","false","true","true","false","0","0","true","1F - 장애인 화장실 o, 입구 경사로와 자동문 o
2F - 시설 없음","1F:3장 | 2F:0장","1F[KakaoTalk_20260430_133301117.jpg+KakaoTalk_20260430_133301117_01.jpg+KakaoTalk_20260430_133301117_02.jpg] | 2F[]","[{""floor"":""1F"",""imageFiles"":[{""url"":""https://ghdcjmmxfeaedsspterz.supabase.co/storage/v1/object/public/barrier-images/barrier/1777523748021_vshhr3_KakaoTalk_20260430_133301117.jpg"",""name"":""1777523748021_vshhr3_KakaoTalk_20260430_133301117.jpg"",""path"":""barrier/1777523748021_vshhr3_KakaoTalk_20260430_133301117.jpg"",""type"":""image/jpeg"",""bucket"":""barrier-images"",""originalName"":""KakaoTalk_20260430_133301117.jpg""},{""url"":""https://ghdcjmmxfeaedsspterz.supabase.co/storage/v1/object/public/barrier-images/barrier/1777523750006_4wrcqr_KakaoTalk_20260430_133301117_01.jpg"",""name"":""1777523750006_4wrcqr_KakaoTalk_20260430_133301117_01.jpg"",""path"":""barrier/1777523750006_4wrcqr_KakaoTalk_20260430_133301117_01.jpg"",""type"":""image/jpeg"",""bucket"":""barrier-images"",""originalName"":""KakaoTalk_20260430_133301117_01.jpg""},{""url"":""https://ghdcjmmxfeaedsspterz.supabase.co/storage/v1/object/public/barrier-images/barrier/1777523751420_m0zdea_KakaoTalk_20260430_133301117_02.jpg"",""name"":""1777523751420_m0zdea_KakaoTalk_20260430_133301117_02.jpg"",""path"":""barrier/1777523751420_m0zdea_KakaoTalk_20260430_133301117_02.jpg"",""type"":""image/jpeg"",""bucket"":""barrier-images"",""originalName"":""KakaoTalk_20260430_133301117_02.jpg""}],""imageNames"":[""1777523748021_vshhr3_KakaoTalk_20260430_133301117.jpg"",""1777523750006_4wrcqr_KakaoTalk_20260430_133301117_01.jpg"",""1777523751420_m0zdea_KakaoTalk_20260430_133301117_02.jpg""]},{""floor"":""2F"",""imageFiles"":[],""imageNames"":[]}]","1777523748021_vshhr3_KakaoTalk_20260430_133301117.jpg|1777523750006_4wrcqr_KakaoTalk_20260430_133301117_01.jpg|1777523751420_m0zdea_KakaoTalk_20260430_133301117_02.jpg"
"36.4716541","127.1402118","공주대학교 글로벌우정연수관","1F","false","false","true","true","true","false","2","1","false","1층에만 장애인 화장실 있음. 경사로 있음","1F:6장","1F[IMG_6086.jpeg+IMG_6087.jpeg+IMG_6088.jpeg+IMG_6089.jpeg+IMG_6091.jpeg+IMG_6092.jpeg]","[{""floor"":""1F"",""imageFiles"":[{""url"":""https://ghdcjmmxfeaedsspterz.supabase.co/storage/v1/object/public/barrier-images/barrier/1778321362465_37ztr1_IMG_6086.jpeg"",""name"":""1778321362465_37ztr1_IMG_6086.jpeg"",""path"":""barrier/1778321362465_37ztr1_IMG_6086.jpeg"",""type"":""image/jpeg"",""bucket"":""barrier-images"",""originalName"":""IMG_6086.jpeg""},{""url"":""https://ghdcjmmxfeaedsspterz.supabase.co/storage/v1/object/public/barrier-images/barrier/1778321384876_uzf4ax_IMG_6087.jpeg"",""name"":""1778321384876_uzf4ax_IMG_6087.jpeg"",""path"":""barrier/1778321384876_uzf4ax_IMG_6087.jpeg"",""type"":""image/jpeg"",""bucket"":""barrier-images"",""originalName"":""IMG_6087.jpeg""},{""url"":""https://ghdcjmmxfeaedsspterz.supabase.co/storage/v1/object/public/barrier-images/barrier/1778321392241_qt496k_IMG_6088.jpeg"",""name"":""1778321392241_qt496k_IMG_6088.jpeg"",""path"":""barrier/1778321392241_qt496k_IMG_6088.jpeg"",""type"":""image/jpeg"",""bucket"":""barrier-images"",""originalName"":""IMG_6088.jpeg""},{""url"":""https://ghdcjmmxfeaedsspterz.supabase.co/storage/v1/object/public/barrier-images/barrier/1778321394312_2hvapp_IMG_6089.jpeg"",""name"":""1778321394312_2hvapp_IMG_6089.jpeg"",""path"":""barrier/1778321394312_2hvapp_IMG_6089.jpeg"",""type"":""image/jpeg"",""bucket"":""barrier-images"",""originalName"":""IMG_6089.jpeg""},{""url"":""https://ghdcjmmxfeaedsspterz.supabase.co/storage/v1/object/public/barrier-images/barrier/1778321396873_j0efac_IMG_6091.jpeg"",""name"":""1778321396873_j0efac_IMG_6091.jpeg"",""path"":""barrier/1778321396873_j0efac_IMG_6091.jpeg"",""type"":""image/jpeg"",""bucket"":""barrier-images"",""originalName"":""IMG_6091.jpeg""},{""url"":""https://ghdcjmmxfeaedsspterz.supabase.co/storage/v1/object/public/barrier-images/barrier/1778321398045_s071yq_IMG_6092.jpeg"",""name"":""1778321398045_s071yq_IMG_6092.jpeg"",""path"":""barrier/1778321398045_s071yq_IMG_6092.jpeg"",""type"":""image/jpeg"",""bucket"":""barrier-images"",""originalName"":""IMG_6092.jpeg""}],""imageNames"":[""1778321362465_37ztr1_IMG_6086.jpeg"",""1778321384876_uzf4ax_IMG_6087.jpeg"",""1778321392241_qt496k_IMG_6088.jpeg"",""1778321394312_2hvapp_IMG_6089.jpeg"",""1778321396873_j0efac_IMG_6091.jpeg"",""1778321398045_s071yq_IMG_6092.jpeg""]}]","1778321362465_37ztr1_IMG_6086.jpeg|1778321384876_uzf4ax_IMG_6087.jpeg|1778321392241_qt496k_IMG_6088.jpeg|1778321394312_2hvapp_IMG_6089.jpeg|1778321396873_j0efac_IMG_6091.jpeg|1778321398045_s071yq_IMG_6092.jpeg"
"36.4717623","127.1409738","공주대학교 드림하우스","1F","true","true","false","true","true","false","2","5","true","장애인화장실이라고 하기 민망할 정도로 열악함","1F:0장","1F[]","[{""floor"":""1F"",""imageFiles"":[],""imageNames"":[]}]",""
"36.4710541","127.1412372","공주대학교 산학연구관","1F","true","true","false","true","true","false","2","1","true","장애인화장실은 이용불가 수준. 1층 출입구 경사로는 폭이 좁음. 특히 진입폭.","B1:1장 | 1F:3장","B1[IMG_6098.jpeg] | 1F[IMG_6099.jpeg+IMG_6100.jpeg+IMG_6101.jpeg]","[{""floor"":""B1"",""imageFiles"":[{""url"":""https://ghdcjmmxfeaedsspterz.supabase.co/storage/v1/object/public/barrier-images/barrier/1778322395103_irtdsa_IMG_6098.jpeg"",""name"":""1778322395103_irtdsa_IMG_6098.jpeg"",""path"":""barrier/1778322395103_irtdsa_IMG_6098.jpeg"",""type"":""image/jpeg"",""bucket"":""barrier-images"",""originalName"":""IMG_6098.jpeg""}],""imageNames"":[""1778322395103_irtdsa_IMG_6098.jpeg""]},{""floor"":""1F"",""imageFiles"":[{""url"":""https://ghdcjmmxfeaedsspterz.supabase.co/storage/v1/object/public/barrier-images/barrier/1778322400443_jwnd16_IMG_6099.jpeg"",""name"":""1778322400443_jwnd16_IMG_6099.jpeg"",""path"":""barrier/1778322400443_jwnd16_IMG_6099.jpeg"",""type"":""image/jpeg"",""bucket"":""barrier-images"",""originalName"":""IMG_6099.jpeg""},{""url"":""https://ghdcjmmxfeaedsspterz.supabase.co/storage/v1/object/public/barrier-images/barrier/1778322401884_n7b20a_IMG_6100.jpeg"",""name"":""1778322401884_n7b20a_IMG_6100.jpeg"",""path"":""barrier/1778322401884_n7b20a_IMG_6100.jpeg"",""type"":""image/jpeg"",""bucket"":""barrier-images"",""originalName"":""IMG_6100.jpeg""},{""url"":""https://ghdcjmmxfeaedsspterz.supabase.co/storage/v1/object/public/barrier-images/barrier/1778322404285_e4008k_IMG_6101.jpeg"",""name"":""1778322404285_e4008k_IMG_6101.jpeg"",""path"":""barrier/1778322404285_e4008k_IMG_6101.jpeg"",""type"":""image/jpeg"",""bucket"":""barrier-images"",""originalName"":""IMG_6101.jpeg""}],""imageNames"":[""1778322400443_jwnd16_IMG_6099.jpeg"",""1778322401884_n7b20a_IMG_6100.jpeg"",""1778322404285_e4008k_IMG_6101.jpeg""]}]","1778322395103_irtdsa_IMG_6098.jpeg|1778322400443_jwnd16_IMG_6099.jpeg|1778322401884_n7b20a_IMG_6100.jpeg|1778322404285_e4008k_IMG_6101.jpeg"
"36.4672514","127.1378755","공주대학교 블룸하우스","2F","true","true","true","true","true","false","2","1","true","인문사회과학대학 방향 출입구에는 장애인 전용 엘리베이터가 있음.","1F:5장 | 2F:4장","1F[IMG_6134.jpeg+IMG_6135.jpeg+IMG_6137.jpeg+IMG_6139.jpeg+IMG_6140.jpeg] | 2F[IMG_6130.jpeg+IMG_6133.jpeg+IMG_6129.jpeg+IMG_6131.jpeg]","[{""floor"":""1F"",""imageFiles"":[{""url"":""https://ghdcjmmxfeaedsspterz.supabase.co/storage/v1/object/public/barrier-images/barrier/1778395626191_uvh9y3_IMG_6134.jpeg"",""name"":""1778395626191_uvh9y3_IMG_6134.jpeg"",""path"":""barrier/1778395626191_uvh9y3_IMG_6134.jpeg"",""type"":""image/jpeg"",""bucket"":""barrier-images"",""originalName"":""IMG_6134.jpeg""},{""url"":""https://ghdcjmmxfeaedsspterz.supabase.co/storage/v1/object/public/barrier-images/barrier/1778395628791_a729vd_IMG_6135.jpeg"",""name"":""1778395628791_a729vd_IMG_6135.jpeg"",""path"":""barrier/1778395628791_a729vd_IMG_6135.jpeg"",""type"":""image/jpeg"",""bucket"":""barrier-images"",""originalName"":""IMG_6135.jpeg""},{""url"":""https://ghdcjmmxfeaedsspterz.supabase.co/storage/v1/object/public/barrier-images/barrier/1778395630830_yolk0c_IMG_6137.jpeg"",""name"":""1778395630830_yolk0c_IMG_6137.jpeg"",""path"":""barrier/1778395630830_yolk0c_IMG_6137.jpeg"",""type"":""image/jpeg"",""bucket"":""barrier-images"",""originalName"":""IMG_6137.jpeg""},{""url"":""https://ghdcjmmxfeaedsspterz.supabase.co/storage/v1/object/public/barrier-images/barrier/1778395632983_1tr3az_IMG_6139.jpeg"",""name"":""1778395632983_1tr3az_IMG_6139.jpeg"",""path"":""barrier/1778395632983_1tr3az_IMG_6139.jpeg"",""type"":""image/jpeg"",""bucket"":""barrier-images"",""originalName"":""IMG_6139.jpeg""},{""url"":""https://ghdcjmmxfeaedsspterz.supabase.co/storage/v1/object/public/barrier-images/barrier/1778395635035_kz90vc_IMG_6140.jpeg"",""name"":""1778395635035_kz90vc_IMG_6140.jpeg"",""path"":""barrier/1778395635035_kz90vc_IMG_6140.jpeg"",""type"":""image/jpeg"",""bucket"":""barrier-images"",""originalName"":""IMG_6140.jpeg""}],""imageNames"":[""1778395626191_uvh9y3_IMG_6134.jpeg"",""1778395628791_a729vd_IMG_6135.jpeg"",""1778395630830_yolk0c_IMG_6137.jpeg"",""1778395632983_1tr3az_IMG_6139.jpeg"",""1778395635035_kz90vc_IMG_6140.jpeg""]},{""floor"":""2F"",""imageFiles"":[{""url"":""https://ghdcjmmxfeaedsspterz.supabase.co/storage/v1/object/public/barrier-images/barrier/1778395636055_hvs2n3_IMG_6130.jpeg"",""name"":""1778395636055_hvs2n3_IMG_6130.jpeg"",""path"":""barrier/1778395636055_hvs2n3_IMG_6130.jpeg"",""type"":""image/jpeg"",""bucket"":""barrier-images"",""originalName"":""IMG_6130.jpeg""},{""url"":""https://ghdcjmmxfeaedsspterz.supabase.co/storage/v1/object/public/barrier-images/barrier/1778395638212_ek4nsc_IMG_6133.jpeg"",""name"":""1778395638212_ek4nsc_IMG_6133.jpeg"",""path"":""barrier/1778395638212_ek4nsc_IMG_6133.jpeg"",""type"":""image/jpeg"",""bucket"":""barrier-images"",""originalName"":""IMG_6133.jpeg""},{""url"":""https://ghdcjmmxfeaedsspterz.supabase.co/storage/v1/object/public/barrier-images/barrier/1778395640254_ylnpd6_IMG_6129.jpeg"",""name"":""1778395640254_ylnpd6_IMG_6129.jpeg"",""path"":""barrier/1778395640254_ylnpd6_IMG_6129.jpeg"",""type"":""image/jpeg"",""bucket"":""barrier-images"",""originalName"":""IMG_6129.jpeg""},{""url"":""https://ghdcjmmxfeaedsspterz.supabase.co/storage/v1/object/public/barrier-images/barrier/1778395641724_8dhl90_IMG_6131.jpeg"",""name"":""1778395641724_8dhl90_IMG_6131.jpeg"",""path"":""barrier/1778395641724_8dhl90_IMG_6131.jpeg"",""type"":""image/jpeg"",""bucket"":""barrier-images"",""originalName"":""IMG_6131.jpeg""}],""imageNames"":[""1778395636055_hvs2n3_IMG_6130.jpeg"",""1778395638212_ek4nsc_IMG_6133.jpeg"",""1778395640254_ylnpd6_IMG_6129.jpeg"",""1778395641724_8dhl90_IMG_6131.jpeg""]}]","1778395626191_uvh9y3_IMG_6134.jpeg|1778395628791_a729vd_IMG_6135.jpeg|1778395630830_yolk0c_IMG_6137.jpeg|1778395632983_1tr3az_IMG_6139.jpeg|1778395635035_kz90vc_IMG_6140.jpeg|1778395636055_hvs2n3_IMG_6130.jpeg|1778395638212_ek4nsc_IMG_6133.jpeg|1778395640254_ylnpd6_IMG_6129.jpeg|1778395641724_8dhl90_IMG_6131.jpeg"
"36.4703274","127.1452672","공주대학교 홍익사","1F","true","true","true","true","true","false","1","2","true","","1F:7장","1F[IMG_6141.jpeg+IMG_6142.jpeg+IMG_6143.jpeg+IMG_6144.jpeg+IMG_6145.jpeg+IMG_6146.jpeg+IMG_6147.jpeg]","[{""floor"":""1F"",""imageFiles"":[{""url"":""https://ghdcjmmxfeaedsspterz.supabase.co/storage/v1/object/public/barrier-images/barrier/1778395860159_fpd6qt_IMG_6141.jpeg"",""name"":""1778395860159_fpd6qt_IMG_6141.jpeg"",""path"":""barrier/1778395860159_fpd6qt_IMG_6141.jpeg"",""type"":""image/jpeg"",""bucket"":""barrier-images"",""originalName"":""IMG_6141.jpeg""},{""url"":""https://ghdcjmmxfeaedsspterz.supabase.co/storage/v1/object/public/barrier-images/barrier/1778395863281_zh00zo_IMG_6142.jpeg"",""name"":""1778395863281_zh00zo_IMG_6142.jpeg"",""path"":""barrier/1778395863281_zh00zo_IMG_6142.jpeg"",""type"":""image/jpeg"",""bucket"":""barrier-images"",""originalName"":""IMG_6142.jpeg""},{""url"":""https://ghdcjmmxfeaedsspterz.supabase.co/storage/v1/object/public/barrier-images/barrier/1778395865229_yt0cas_IMG_6143.jpeg"",""name"":""1778395865229_yt0cas_IMG_6143.jpeg"",""path"":""barrier/1778395865229_yt0cas_IMG_6143.jpeg"",""type"":""image/jpeg"",""bucket"":""barrier-images"",""originalName"":""IMG_6143.jpeg""},{""url"":""https://ghdcjmmxfeaedsspterz.supabase.co/storage/v1/object/public/barrier-images/barrier/1778395867174_aggxaa_IMG_6144.jpeg"",""name"":""1778395867174_aggxaa_IMG_6144.jpeg"",""path"":""barrier/1778395867174_aggxaa_IMG_6144.jpeg"",""type"":""image/jpeg"",""bucket"":""barrier-images"",""originalName"":""IMG_6144.jpeg""},{""url"":""https://ghdcjmmxfeaedsspterz.supabase.co/storage/v1/object/public/barrier-images/barrier/1778395868707_2b5hjf_IMG_6145.jpeg"",""name"":""1778395868707_2b5hjf_IMG_6145.jpeg"",""path"":""barrier/1778395868707_2b5hjf_IMG_6145.jpeg"",""type"":""image/jpeg"",""bucket"":""barrier-images"",""originalName"":""IMG_6145.jpeg""},{""url"":""https://ghdcjmmxfeaedsspterz.supabase.co/storage/v1/object/public/barrier-images/barrier/1778395870241_q430yc_IMG_6146.jpeg"",""name"":""1778395870241_q430yc_IMG_6146.jpeg"",""path"":""barrier/1778395870241_q430yc_IMG_6146.jpeg"",""type"":""image/jpeg"",""bucket"":""barrier-images"",""originalName"":""IMG_6146.jpeg""},{""url"":""https://ghdcjmmxfeaedsspterz.supabase.co/storage/v1/object/public/barrier-images/barrier/1778395872392_ra7rjg_IMG_6147.jpeg"",""name"":""1778395872392_ra7rjg_IMG_6147.jpeg"",""path"":""barrier/1778395872392_ra7rjg_IMG_6147.jpeg"",""type"":""image/jpeg"",""bucket"":""barrier-images"",""originalName"":""IMG_6147.jpeg""}],""imageNames"":[""1778395860159_fpd6qt_IMG_6141.jpeg"",""1778395863281_zh00zo_IMG_6142.jpeg"",""1778395865229_yt0cas_IMG_6143.jpeg"",""1778395867174_aggxaa_IMG_6144.jpeg"",""1778395868707_2b5hjf_IMG_6145.jpeg"",""1778395870241_q430yc_IMG_6146.jpeg"",""1778395872392_ra7rjg_IMG_6147.jpeg""]}]","1778395860159_fpd6qt_IMG_6141.jpeg|1778395863281_zh00zo_IMG_6142.jpeg|1778395865229_yt0cas_IMG_6143.jpeg|1778395867174_aggxaa_IMG_6144.jpeg|1778395868707_2b5hjf_IMG_6145.jpeg|1778395870241_q430yc_IMG_6146.jpeg|1778395872392_ra7rjg_IMG_6147.jpeg"